POS,Player,Runs,BF,SR,4s,6s,Against,Venue,Match Date
1,Chris Gayle,24,6,400,3,2,SRH,Rajiv Gandhi Intl. Cricket Stadium,15 May 2015
2,Rohit Sharma,23,5,460,1,3,RCB,M. Chinnaswamy Stadium,19 April 2015
3,Kieron Pollard,23,5,460,1,3,CSK,Wankhede Stadium,17 April 2015
4,Kieron Pollard,22,5,440,1,3,CSK,Eden Gardens,24 May 2015
5,David Miller,22,6,366.66,1,3,SRH,Rajiv Gandhi Intl. Cricket Stadium,11 May 2015
6,Dwayne Smith,22,6,366.66,2,2,PBKS,Chidambaram,25 April 2015
7,AB de Villiers,22,5,440,2,2,MI,M. Chinnaswamy Stadium,19 April 2015
8,Chris Gayle,21,5,420,2,2,PBKS,M. Chinnaswamy Stadium,06 May 2015
9,David Miller,21,5,420,2,2,KKR,Eden Gardens,09 May 2015
10,Chris Morris,21,5,420,0,3,SRH,Brabourne Stadium,07 May 2015
11,Chris Gayle,20,6,333.33,2,2,PBKS,M. Chinnaswamy Stadium,06 May 2015
12,Kieron Pollard,20,6,333.33,2,2,RR,Narendra Modi Stadium,14 April 2015
13,Moises Henriques,20,6,333.33,3,1,RCB,Rajiv Gandhi Intl. Cricket Stadium,15 May 2015
14,Mohit Sharma,20,5,400,1,2,MI,Eden Gardens,24 May 2015
15,Karn Sharma,20,5,400,0,3,KKR,Eden Gardens,04 May 2015
16,Dwayne Smith,20,5,400,2,2,MI,Wankhede Stadium,17 April 2015
17,Brendon McCullum,19,5,380,1,2,SRH,Chidambaram,11 April 2015
18,AB de Villiers,19,5,380,0,3,PBKS,M. Chinnaswamy Stadium,06 May 2015
19,Harbhajan Singh,19,6,316.66,0,3,PBKS,Wankhede Stadium,12 April 2015
20,James Faulkner,19,5,380,1,2,PBKS,Maharashtra Cricket Association's International Stadium,10 April 2015
21,MS Dhoni,19,5,380,0,3,SRH,Chidambaram,11 April 2015
22,Angelo Mathews,19,5,380,1,2,KKR,Arun Jaitley Stadium,20 April 2015
23,Andre Russell,19,6,316.66,2,1,PBKS,Maharashtra Cricket Association's International Stadium,18 April 2015
24,Wriddhiman Saha,19,6,316.66,3,1,RCB,IS Bindra Stadium,13 May 2015
25,David Warner,19,5,380,3,1,CSK,Rajiv Gandhi Intl. Cricket Stadium,02 May 2015
26,Shreyas Iyer,18,6,300,1,2,PBKS,Arun Jaitley Stadium,01 May 2015
27,AB de Villiers,18,5,360,1,2,RR,Maharashtra Cricket Association's International Stadium,20 May 2015
28,David Warner,18,6,300,4,0,DC,ACA-VDCA Stadium,18 April 2015
29,Hardik Pandya,18,5,360,0,3,CSK,Chidambaram,08 May 2015
30,Moises Henriques,18,5,360,1,2,KKR,Eden Gardens,04 May 2015
31,Suresh Raina,18,4,450,0,3,RCB,M. Chinnaswamy Stadium,22 April 2015
32,Umesh Yadav,18,5,360,3,1,RR,Brabourne Stadium,16 May 2015
33,Murali Vijay,18,6,300,3,1,KKR,Eden Gardens,09 May 2015
34,Andre Russell,18,5,360,1,2,PBKS,Eden Gardens,09 May 2015
35,Rohit Sharma,18,4,450,3,1,KKR,Eden Gardens,08 April 2015
36,David Warner,18,5,360,3,1,RCB,M. Chinnaswamy Stadium,13 April 2015
37,Eoin Morgan,18,6,300,1,2,RR,Brabourne Stadium,07 May 2015
38,Shikhar Dhawan,18,6,300,3,1,MI,Wankhede Stadium,25 April 2015
39,Shane Watson,18,4,450,3,1,PBKS,Narendra Modi Stadium,21 April 2015
40,JP Duminy,18,5,360,1,2,MI,Arun Jaitley Stadium,23 April 2015
41,Mayank Agarwal,18,6,300,4,0,RR,Arun Jaitley Stadium,12 April 2015
42,Quinton de Kock,17,5,340,1,2,RCB,M. Chinnaswamy Stadium,17 May 2015
43,Deepak Hooda,17,5,340,2,1,DC,Arun Jaitley Stadium,12 April 2015
44,Angelo Mathews,17,6,283.33,2,1,RR,Arun Jaitley Stadium,12 April 2015
45,Parthiv Patel,17,5,340,2,1,PBKS,IS Bindra Stadium,03 May 2015
46,Albie Morkel,17,5,340,2,1,CSK,Chidambaram,09 April 2015
47,Shaun Marsh,17,6,283.33,0,2,RR,Narendra Modi Stadium,21 April 2015
48,Eoin Morgan,17,5,340,1,2,PBKS,Rajiv Gandhi Intl. Cricket Stadium,11 May 2015
49,Unmukt Chand,17,5,340,4,0,RCB,M. Chinnaswamy Stadium,19 April 2015
50,Eoin Morgan,17,5,340,2,1,RR,Brabourne Stadium,07 May 2015
51,Sarfaraz Khan,17,5,340,2,1,RR,M. Chinnaswamy Stadium,29 April 2015
52,Hardik Pandya,17,5,340,4,0,KKR,Wankhede Stadium,14 May 2015
53,Kedar Jadhav,17,4,425,1,2,SRH,Shaheed Veer Narayan Singh International Cricket Stadium,09 May 2015
54,Dwayne Smith,17,6,283.33,1,2,RCB,M. Chinnaswamy Stadium,22 April 2015
55,Johan Botha,17,5,340,4,0,DC,Eden Gardens,07 May 2015
56,Dwayne Bravo,16,5,320,2,1,RR,Narendra Modi Stadium,19 April 2015
57,Virat Kohli,16,5,320,2,1,MI,Wankhede Stadium,10 May 2015
58,Virender Sehwag,16,5,320,2,1,MI,Wankhede Stadium,12 April 2015
59,Deepak Hooda,16,6,266.66,0,2,PBKS,Maharashtra Cricket Association's International Stadium,10 April 2015
60,Brendon McCullum,16,6,266.66,2,1,KKR,Eden Gardens,30 April 2015
61,Karun Nair,16,4,400,2,1,DC,Brabourne Stadium,03 May 2015
62,Yuvraj Singh,16,5,320,0,2,RR,Arun Jaitley Stadium,12 April 2015
63,Mayank Agarwal,16,5,320,2,1,PBKS,Maharashtra Cricket Association's International Stadium,15 April 2015
64,Virat Kohli,16,5,320,2,1,PBKS,IS Bindra Stadium,13 May 2015
65,David Warner,16,6,266.66,4,0,PBKS,IS Bindra Stadium,27 April 2015
66,Andre Russell,16,5,320,1,2,RCB,M. Chinnaswamy Stadium,02 May 2015
67,Jagadeesha Suchith,16,5,320,2,1,PBKS,Wankhede Stadium,12 April 2015
68,Rohit Sharma,16,6,266.66,2,1,CSK,Eden Gardens,24 May 2015
69,Shane Watson,16,5,320,2,1,KKR,Brabourne Stadium,16 May 2015
70,Hardik Pandya,15,5,300,0,2,RCB,M. Chinnaswamy Stadium,19 April 2015
71,Virender Sehwag,15,4,375,2,1,DC,Maharashtra Cricket Association's International Stadium,15 April 2015
72,Steve Smith,15,6,250,3,0,SRH,Brabourne Stadium,07 May 2015
73,Andre Russell,15,5,300,2,1,PBKS,Eden Gardens,09 May 2015
74,Lendl Simmons,15,6,250,2,1,CSK,Chidambaram,08 May 2015
75,David Warner,15,5,300,2,1,RCB,M. Chinnaswamy Stadium,13 April 2015
76,Hardik Pandya,15,6,250,2,1,KKR,Wankhede Stadium,14 May 2015
77,David Warner,15,4,375,2,1,PBKS,IS Bindra Stadium,27 April 2015
78,Shane Watson,15,5,300,0,2,CSK,Narendra Modi Stadium,19 April 2015
79,Ambati Rayudu,15,4,375,0,2,CSK,Chidambaram,08 May 2015
80,Ambati Rayudu,15,5,300,2,1,RR,Wankhede Stadium,01 May 2015
81,Glenn Maxwell,15,5,300,0,2,DC,Maharashtra Cricket Association's International Stadium,15 April 2015
82,Steve Smith,15,6,250,3,0,MI,Narendra Modi Stadium,14 April 2015
83,Shreyas Iyer,15,5,300,2,1,MI,Arun Jaitley Stadium,23 April 2015
84,Quinton de Kock,15,4,375,2,1,RCB,M. Chinnaswamy Stadium,17 May 2015
85,Corey Anderson,15,4,375,0,2,KKR,Eden Gardens,08 April 2015
86,Murali Vijay,15,5,300,2,1,SRH,Rajiv Gandhi Intl. Cricket Stadium,11 May 2015
87,Robin Uthappa,15,5,300,2,1,CSK,Eden Gardens,30 April 2015
88,Lendl Simmons,15,6,250,2,1,RCB,Wankhede Stadium,10 May 2015
89,Dwayne Smith,15,5,300,1,1,RR,Narendra Modi Stadium,19 April 2015
90,AB de Villiers,15,5,300,2,1,KKR,Eden Gardens,11 April 2015
91,AB de Villiers,15,4,375,2,1,MI,Wankhede Stadium,10 May 2015
92,Parthiv Patel,15,5,300,2,1,CSK,Wankhede Stadium,19 May 2015
93,Shane Watson,15,5,300,2,1,CSK,Narendra Modi Stadium,19 April 2015
94,Ryan ten Doeschate,14,6,233.33,2,1,CSK,Chidambaram,28 April 2015
95,Suryakumar Yadav,14,4,350,0,2,PBKS,Maharashtra Cricket Association's International Stadium,18 April 2015
96,Quinton de Kock,14,5,280,2,1,SRH,Shaheed Veer Narayan Singh International Cricket Stadium,09 May 2015
97,Kieron Pollard,14,5,280,2,1,RR,Narendra Modi Stadium,14 April 2015
98,Ambati Rayudu,14,5,280,0,2,CSK,Wankhede Stadium,17 April 2015
99,Yuvraj Singh,14,4,350,0,2,MI,Wankhede Stadium,05 May 2015
100,Karn Sharma,14,4,350,0,2,DC,ACA-VDCA Stadium,18 April 2015
101,Shane Watson,14,6,233.33,1,1,KKR,Brabourne Stadium,16 May 2015
102,MS Dhoni,14,6,233.33,0,1,PBKS,Chidambaram,25 April 2015
103,JP Duminy,14,4,350,0,2,RR,Arun Jaitley Stadium,12 April 2015
104,Chris Gayle,14,4,350,0,2,PBKS,M. Chinnaswamy Stadium,06 May 2015
105,Moises Henriques,14,3,466.66,0,2,DC,Shaheed Veer Narayan Singh International Cricket Stadium,09 May 2015
106,Lendl Simmons,14,6,233.33,2,1,CSK,Eden Gardens,24 May 2015
107,Chris Gayle,14,6,233.33,2,1,DC,Arun Jaitley Stadium,26 April 2015
108,Dwayne Smith,14,6,233.33,2,1,KKR,Chidambaram,28 April 2015
109,James Faulkner,14,4,350,0,2,SRH,Brabourne Stadium,07 May 2015
110,Parthiv Patel,14,6,233.33,3,0,RCB,Wankhede Stadium,10 May 2015
111,Virat Kohli,14,4,350,2,1,SRH,Rajiv Gandhi Intl. Cricket Stadium,15 May 2015
112,David Warner,14,6,233.33,0,1,KKR,ACA-VDCA Stadium,22 April 2015
113,JP Duminy,14,6,233.33,0,2,MI,Arun Jaitley Stadium,23 April 2015
114,Dinesh Karthik,14,5,280,2,1,RR,M. Chinnaswamy Stadium,29 April 2015
115,Kieron Pollard,14,4,350,0,2,CSK,Wankhede Stadium,19 May 2015
116,David Warner,14,5,280,0,2,PBKS,Rajiv Gandhi Intl. Cricket Stadium,11 May 2015
117,Shreyas Iyer,14,6,233.33,3,0,MI,Wankhede Stadium,05 May 2015
118,AB de Villiers,14,3,466.66,2,1,MI,M. Chinnaswamy Stadium,19 April 2015
119,Andre Russell,14,5,280,0,2,CSK,Eden Gardens,30 April 2015
120,AB de Villiers,14,5,280,2,1,PBKS,M. Chinnaswamy Stadium,06 May 2015
121,Chris Gayle,14,5,280,2,1,RR,Narendra Modi Stadium,24 April 2015
122,Michael Hussey,14,5,280,0,2,RCB,JSCA Stadium,22 May 2015
123,Mandeep Singh,14,3,466.66,0,2,KKR,M. Chinnaswamy Stadium,02 May 2015
124,JP Duminy,14,4,350,0,2,RCB,M. Chinnaswamy Stadium,17 May 2015
125,David Warner,14,6,233.33,2,1,PBKS,Rajiv Gandhi Intl. Cricket Stadium,11 May 2015
126,Glenn Maxwell,14,5,280,2,1,KKR,Eden Gardens,09 May 2015
127,AB de Villiers,14,3,466.66,0,2,RR,Maharashtra Cricket Association's International Stadium,20 May 2015
128,Chris Gayle,14,6,233.33,0,2,KKR,Eden Gardens,11 April 2015
129,Lendl Simmons,14,6,233.33,2,1,RCB,M. Chinnaswamy Stadium,19 April 2015
130,David Miller,14,4,350,0,2,SRH,Rajiv Gandhi Intl. Cricket Stadium,11 May 2015
131,Brendon McCullum,14,5,280,3,0,MI,Chidambaram,08 May 2015
132,JP Duminy,14,5,280,2,1,SRH,ACA-VDCA Stadium,18 April 2015
133,Ashish Reddy,13,3,433.33,0,2,PBKS,IS Bindra Stadium,27 April 2015
134,Virat Kohli,13,5,260,0,1,SRH,Rajiv Gandhi Intl. Cricket Stadium,15 May 2015
135,AB de Villiers,13,4,325,3,0,MI,Wankhede Stadium,10 May 2015
136,Harbhajan Singh,13,4,325,3,0,PBKS,Wankhede Stadium,12 April 2015
137,Shreyas Iyer,13,3,433.33,0,2,MI,Arun Jaitley Stadium,23 April 2015
138,Shreyas Iyer,13,5,260,0,2,SRH,ACA-VDCA Stadium,18 April 2015
139,Brendon McCullum,13,5,260,0,2,SRH,Chidambaram,11 April 2015
140,Gautam Gambhir,13,6,216.66,2,0,MI,Eden Gardens,08 April 2015
141,Deepak Hooda,13,3,433.33,0,2,MI,Narendra Modi Stadium,14 April 2015
142,Yuvraj Singh,13,4,325,0,2,PBKS,Maharashtra Cricket Association's International Stadium,15 April 2015
143,Yuvraj Singh,13,5,260,3,0,RR,Brabourne Stadium,03 May 2015
144,MS Dhoni,13,4,325,0,2,DC,Chidambaram,09 April 2015
145,Manish Pandey,13,5,260,1,1,MI,Eden Gardens,08 April 2015
146,Suresh Raina,13,5,260,1,1,RCB,M. Chinnaswamy Stadium,22 April 2015
147,AB de Villiers,13,5,260,3,0,RR,M. Chinnaswamy Stadium,29 April 2015
148,AB de Villiers,13,4,325,0,2,MI,Wankhede Stadium,10 May 2015
149,Manish Pandey,13,5,260,3,0,PBKS,Eden Gardens,09 May 2015
150,Kieron Pollard,13,4,325,1,1,RR,Wankhede Stadium,01 May 2015