,Player,Runs,BF,4s,6s,Against,Venue,Match Date
0,Yusuf Pathan,61,21,4,6,DEC,Rajiv Gandhi Intl. Cricket Stadium,24 April 2008
1,Kumar Sangakkara,94,23,13,1,MI,IS Bindra Stadium,25 April 2008
2,Virender Sehwag,51,23,2,5,PBKS,Arun Jaitley Stadium,17 May 2008
3,Kumar Sangakkara,50,23,7,2,DEC,IS Bindra Stadium,23 May 2008
4,Virender Sehwag,71,24,7,4,CSK,Chidambaram,02 May 2008
5,James Hopes,71,24,10,3,CSK,IS Bindra Stadium,19 April 2008
6,MS Dhoni,65,24,9,3,RCB,M. Chinnaswamy Stadium,28 April 2008
7,David Hussey,57,24,4,3,DEC,Rajiv Gandhi Intl. Cricket Stadium,11 May 2008
8,Sanath Jayasuriya,114,25,9,11,CSK,Wankhede Stadium,14 May 2008
9,Rahul Dravid,75,25,6,6,RR,Sawai Mansingh Stadium,17 May 2008
10,Albie Morkel,71,26,6,4,RR,Chidambaram,24 May 2008
11,Kamran Akmal,53,26,4,3,CSK,Chidambaram,24 May 2008
12,Rohit Sharma,50,26,3,4,PBKS,IS Bindra Stadium,23 May 2008
13,Shaun Marsh,115,27,11,7,RR,IS Bindra Stadium,28 May 2008
14,Virender Sehwag,94,27,10,6,DEC,Rajiv Gandhi Intl. Cricket Stadium,22 April 2008
15,Dinesh Karthik,56,27,4,3,MI,Arun Jaitley Stadium,24 May 2008
16,Adam Gilchrist,109,28,9,10,MI,DY Patil Stadium,27 April 2008
17,Venugopal Rao,71,28,4,6,KKR,Rajiv Gandhi Intl. Cricket Stadium,11 May 2008
18,Yusuf Pathan,68,28,9,2,DEC,Sawai Mansingh Stadium,09 May 2008
19,Wriddhiman Saha,59,28,2,4,PBKS,IS Bindra Stadium,03 May 2008
20,Shane Watson,52,28,4,3,DC,Wankhede Stadium,30 May 2008
21,Andrew Symonds,117,29,11,7,RR,Rajiv Gandhi Intl. Cricket Stadium,24 April 2008
22,Graeme Smith,91,29,9,4,CSK,Chidambaram,24 May 2008
23,Swapnil Asnodkar,60,29,10,1,KKR,Sawai Mansingh Stadium,01 May 2008
24,Yuvraj Singh,57,29,6,3,RR,Sawai Mansingh Stadium,21 April 2008
25,Yusuf Pathan,55,29,6,2,KKR,Sawai Mansingh Stadium,01 May 2008
26,Kumar Sangakkara,54,29,5,2,CSK,IS Bindra Stadium,19 April 2008
27,Ross Taylor,53,30,3,3,CSK,M. Chinnaswamy Stadium,28 April 2008
28,James Hopes,51,30,7,1,RR,IS Bindra Stadium,28 May 2008
29,Michael Hussey,116,31,8,9,PBKS,IS Bindra Stadium,19 April 2008
30,Sanath Jayasuriya,70,31,7,5,DC,Arun Jaitley Stadium,24 May 2008
31,Rohit Sharma,66,31,6,4,DC,Rajiv Gandhi Intl. Cricket Stadium,22 April 2008
32,Vidyut Sivaramakrishnan,54,31,7,1,DC,Chidambaram,02 May 2008
33,Brendon McCullum,158,32,10,13,RCB,M. Chinnaswamy Stadium,18 April 2008
34,Simon Katich,75,32,11,1,DC,IS Bindra Stadium,27 April 2008
35,Shane Watson,74,32,5,5,DC,Sawai Mansingh Stadium,11 May 2008
36,Venugopal Rao,57,32,4,3,MI,Rajiv Gandhi Intl. Cricket Stadium,18 May 2008
37,Suresh Raina,55,32,4,4,PBKS,Wankhede Stadium,31 May 2008
38,Subramaniam Badrinath,53,32,7,2,MI,Wankhede Stadium,14 May 2008
39,Wasim Jaffer,50,32,5,2,CSK,M. Chinnaswamy Stadium,28 April 2008
40,Shikhar Dhawan,50,32,4,3,RCB,Arun Jaitley Stadium,30 April 2008
41,Matthew Hayden,81,33,12,2,MI,Chidambaram,23 April 2008
42,Shaun Marsh,58,33,3,4,CSK,Chidambaram,10 May 2008
43,Suresh Raina,53,33,3,3,MI,Chidambaram,23 April 2008
44,Gautam Gambhir,79,34,7,3,DEC,Arun Jaitley Stadium,15 May 2008
45,Rohit Sharma,76,34,10,2,PBKS,Rajiv Gandhi Intl. Cricket Stadium,01 May 2008
46,Graeme Smith,75,34,8,2,RCB,Sawai Mansingh Stadium,17 May 2008
47,Graeme Smith,71,34,9,2,DEC,Rajiv Gandhi Intl. Cricket Stadium,24 April 2008
48,Shane Watson,61,34,8,2,RCB,M. Chinnaswamy Stadium,26 April 2008
49,Parthiv Patel,54,34,5,2,RR,Chidambaram,24 May 2008
50,Sanath Jayasuriya,54,34,4,4,RCB,M. Chinnaswamy Stadium,28 May 2008
51,Adam Gilchrist,54,34,7,2,CSK,Chidambaram,06 May 2008
52,Shaun Marsh,84,35,11,1,DEC,Rajiv Gandhi Intl. Cricket Stadium,01 May 2008
53,Shaun Marsh,81,35,7,4,MI,Wankhede Stadium,21 May 2008
54,Gautam Gambhir,80,35,11,1,CSK,Arun Jaitley Stadium,08 May 2008
55,Shane Watson,76,35,5,5,PBKS,Sawai Mansingh Stadium,21 April 2008
56,Shaun Marsh,74,35,9,2,RCB,IS Bindra Stadium,12 May 2008
57,Niraj Patel,57,35,10,0,PBKS,IS Bindra Stadium,28 May 2008
58,Gautam Gambhir,50,35,5,1,CSK,Chidambaram,02 May 2008
59,Gautam Gambhir,86,36,11,1,RCB,Arun Jaitley Stadium,30 April 2008
60,Yusuf Pathan,56,36,3,4,CSK,DY Patil Stadium,01 June 2008
61,Shikhar Dhawan,68,37,8,0,DEC,Arun Jaitley Stadium,15 May 2008
62,Subramaniam Badrinath,64,37,6,3,PBKS,Chidambaram,10 May 2008
63,Kumar Sangakkara,64,37,7,2,KKR,Eden Gardens,25 May 2008
64,Adam Gilchrist,61,37,9,1,RR,Sawai Mansingh Stadium,09 May 2008
65,MS Dhoni,60,37,2,4,PBKS,Chidambaram,10 May 2008
66,Gautam Gambhir,58,37,7,1,RR,Arun Jaitley Stadium,19 April 2008
67,Sourav Ganguly,51,37,4,2,RR,Sawai Mansingh Stadium,01 May 2008
68,Luke Pomersbach,79,38,10,3,MI,Wankhede Stadium,21 May 2008
69,David Hussey,71,38,4,4,PBKS,IS Bindra Stadium,03 May 2008
70,Sachin Tendulkar,65,38,12,0,PBKS,Wankhede Stadium,21 May 2008
71,Matthew Hayden,70,39,6,3,KKR,Chidambaram,26 April 2008
72,Rohit Sharma,57,39,5,3,RCB,M. Chinnaswamy Stadium,03 May 2008
73,Shreevats Goswami,52,39,7,1,DC,M. Chinnaswamy Stadium,19 May 2008
74,VVS Laxman,52,39,7,0,RCB,M. Chinnaswamy Stadium,03 May 2008
75,Sourav Ganguly,91,40,11,5,DEC,Rajiv Gandhi Intl. Cricket Stadium,11 May 2008
76,Shaun Marsh,60,40,3,3,DEC,IS Bindra Stadium,23 May 2008
77,Shikhar Dhawan,59,40,6,2,CSK,Arun Jaitley Stadium,08 May 2008
78,Jacques Kallis,54,40,6,1,DC,Arun Jaitley Stadium,30 April 2008
79,Mark Boucher,50,40,5,1,KKR,Eden Gardens,08 May 2008
80,Adam Gilchrist,50,40,6,1,PBKS,IS Bindra Stadium,23 May 2008
81,Sourav Ganguly,86,41,6,6,PBKS,Eden Gardens,25 May 2008
82,Shikhar Dhawan,52,41,8,0,RR,Arun Jaitley Stadium,19 April 2008
83,Dwayne Bravo,64,42,8,1,KKR,Eden Gardens,29 April 2008
84,Swapnil Asnodkar,50,42,7,1,RCB,Sawai Mansingh Stadium,17 May 2008
85,Suresh Raina,54,43,5,2,DEC,Rajiv Gandhi Intl. Cricket Stadium,27 May 2008
86,Salman Butt,73,44,10,1,CSK,Eden Gardens,18 May 2008
87,Rahul Dravid,66,44,9,1,PBKS,M. Chinnaswamy Stadium,05 May 2008
88,Parthiv Patel,51,47,8,0,PBKS,Wankhede Stadium,31 May 2008
89,Adam Gilchrist,85,17,10,5,DC,Supersport Park,22 May 2009
90,Brendon McCullum,81,21,11,3,CSK,Supersport Park,18 May 2009
91,Matthew Hayden,65,22,9,2,RCB,St George's Park,20 April 2009
92,Matthew Hayden,57,22,5,3,DC,Kingsmead,23 April 2009
93,Ross Taylor,81,24,7,5,KKR,Supersport Park,12 May 2009
94,Adam Gilchrist,64,24,5,5,DC,Kingsmead,13 May 2009
95,MS Dhoni,56,24,7,2,PBKS,Supersport Park,07 May 2009
96,Simon Katich,50,24,3,4,CSK,Supersport Park,07 May 2009
97,Suresh Raina,98,26,10,5,RR,Supersport Park,30 April 2009
98,Graeme Smith,77,26,12,1,PBKS,Kingsmead,05 May 2009
99,Yusuf Pathan,62,26,3,6,DC,Supersport Park,28 April 2009
100,Sanath Jayasuriya,52,26,2,4,KKR,St George's Park,27 April 2009
101,Andrew Symonds,60,28,2,4,PBKS,De Beers Diamond Oval,09 May 2009
102,Yuvraj Singh,58,28,5,2,CSK,Supersport Park,07 May 2009
103,Rohit Sharma,52,28,1,5,RCB,Newlands,22 April 2009
104,Adam Gilchrist,71,31,6,5,RCB,Newlands,22 April 2009
105,Virat Kohli,50,31,7,0,DEC,Newlands,22 April 2009
106,Herschelle Gibbs,60,32,3,4,RCB,Supersport Park,21 May 2009
107,Yuvraj Singh,50,33,3,4,RCB,Kingsmead,01 May 2009
108,Sachin Tendulkar,68,34,6,4,KKR,St George's Park,27 April 2009
109,Matthew Hayden,60,34,5,3,RCB,Kingsmead,14 May 2009
110,Brad Hodge,71,35,4,4,CSK,Supersport Park,18 May 2009
111,Dwayne Bravo,70,35,7,3,PBKS,Supersport Park,12 May 2009
112,MS Dhoni,58,35,6,1,DEC,Buffalo Park,04 May 2009
113,Suresh Raina,52,35,3,3,KKR,Supersport Park,18 May 2009
114,Manish Pandey,114,36,10,4,DEC,Supersport Park,21 May 2009
115,Brad Hodge,70,36,10,1,PBKS,St George's Park,03 May 2009
116,Robin Uthappa,66,36,8,2,MI,New Wanderers Stadium,03 May 2009
117,JP Duminy,59,37,2,3,RCB,St George's Park,10 May 2009
118,Ajinkya Rahane,56,37,5,2,DC,Supersport Park,21 May 2009
119,JP Duminy,52,37,1,4,KKR,Buffalo Park,01 May 2009
120,Rob Quiney,51,37,5,2,MI,Kingsmead,14 May 2009
121,Jacques Kallis,62,38,5,2,PBKS,Kingsmead,24 April 2009
122,Subramaniam Badrinath,59,38,9,1,RR,De Beers Diamond Oval,09 May 2009
123,Herschelle Gibbs,58,38,6,2,MI,Kingsmead,25 April 2009
124,Kumar Sangakkara,56,38,4,1,DEC,New Wanderers Stadium,17 May 2009
125,Naman Ojha,52,38,3,3,RCB,Supersport Park,07 May 2009
126,Jacques Kallis,69,39,5,2,MI,New Wanderers Stadium,03 May 2009
127,Mahela Jayawardena,52,39,7,0,KKR,St George's Park,03 May 2009
128,Sanath Jayasuriya,52,39,6,1,RCB,New Wanderers Stadium,03 May 2009
129,Dwayne Bravo,50,40,1,2,RCB,New Wanderers Stadium,03 May 2009
130,Naman Ojha,68,41,5,5,PBKS,Kingsmead,05 May 2009
131,Rahul Dravid,66,42,8,1,RR,Newlands,18 April 2009
132,Ajinkya Rahane,62,43,4,1,RCB,St George's Park,10 May 2009
133,Matthew Hayden,89,44,8,6,PBKS,Supersport Park,07 May 2009
134,Brad Hodge,73,44,5,3,MI,Buffalo Park,01 May 2009
135,Sachin Tendulkar,59,45,7,0,CSK,Newlands,18 April 2009
136,JP Duminy,52,45,7,0,DEC,Supersport Park,06 May 2009
137,Ravi Bopara,84,46,4,5,RCB,Kingsmead,24 April 2009
138,Herschelle Gibbs,69,46,6,2,CSK,Kingsmead,27 April 2009
139,JP Duminy,62,46,4,2,CSK,St George's Park,16 May 2009
140,Kumar Sangakkara,60,47,7,1,RR,Newlands,26 April 2009
141,Herschelle Gibbs,53,47,3,2,RCB,New Wanderers Stadium,24 May 2009
142,Brendon McCullum,84,48,10,2,RCB,Supersport Park,12 May 2009
143,Matthew Hayden,60,51,4,1,MI,St George's Park,16 May 2009
144,Jacques Kallis,58,51,2,2,DC,New Wanderers Stadium,19 May 2009
145,JP Duminy,59,55,4,0,PBKS,Kingsmead,29 April 2009
146,Robin Uthappa,51,19,4,4,PBKS,M. Chinnaswamy Stadium,16 March 2010
147,Yusuf Pathan,100,21,9,8,MI,Brabourne Stadium,13 March 2010
148,Virender Sehwag,75,21,8,5,RR,Narendra Modi Stadium,15 March 2010
149,Shane Watson,60,21,5,5,CSK,Chidambaram,03 April 2010
150,Virender Sehwag,74,22,10,3,CSK,Arun Jaitley Stadium,19 March 2010
151,Robin Uthappa,50,22,4,4,KKR,M. Chinnaswamy Stadium,10 April 2010
152,Yusuf Pathan,73,23,2,8,DEC,Narendra Modi Stadium,26 March 2010
153,Sachin Tendulkar,63,23,11,0,DC,Arun Jaitley Stadium,17 March 2010
154,Matthew Hayden,93,24,9,7,DC,Arun Jaitley Stadium,19 March 2010
155,Suresh Raina,78,24,11,3,KKR,Chidambaram,13 April 2010
156,Kevin Pietersen,62,24,10,2,RR,Sawai Mansingh Stadium,14 April 2010
157,Suresh Raina,57,24,3,3,MI,DY Patil Stadium,25 April 2010
158,Andrew Symonds,53,24,5,3,RCB,M. Chinnaswamy Stadium,08 April 2010
159,Irfan Pathan,60,25,3,5,DEC,Barabati Stadium,19 March 2010
160,David Warner,57,25,4,4,DEC,Barabati Stadium,21 March 2010
161,Mahela Jayawardena,110,26,14,3,KKR,Eden Gardens,04 April 2010
162,Albie Morkel,62,26,3,5,RR,Chidambaram,03 April 2010
163,Andrew Symonds,54,26,3,5,DC,Arun Jaitley Stadium,18 April 2010
164,Michael Lumb,83,28,16,2,PBKS,Sawai Mansingh Stadium,07 April 2010
165,MS Dhoni,66,28,6,3,KKR,Eden Gardens,16 March 2010
166,Ambati Rayudu,55,28,6,2,DEC,Brabourne Stadium,03 April 2010
167,Manoj Tiwary,50,28,6,2,RCB,Eden Gardens,14 March 2010
168,David Warner,107,29,9,5,KKR,Arun Jaitley Stadium,29 March 2010
169,Murali Vijay,78,29,4,6,RCB,Chidambaram,31 March 2010
170,Shane Watson,58,29,3,3,DEC,Vidarbha Cricket Association Stadium,05 April 2010
171,MS Dhoni,54,29,5,2,PBKS,HPCA Stadium,18 April 2010
172,Kedar Jadhav,50,29,5,2,RCB,M. Chinnaswamy Stadium,25 March 2010
173,Murali Vijay,127,30,8,11,RR,Chidambaram,03 April 2010
174,Naman Ojha,94,30,8,6,CSK,Chidambaram,03 April 2010
175,Chris Gayle,88,30,6,8,PBKS,Eden Gardens,04 April 2010
176,Dinesh Karthik,69,30,6,4,RR,Arun Jaitley Stadium,31 March 2010
177,Ambati Rayudu,55,30,6,2,RR,Brabourne Stadium,13 March 2010
178,Adam Gilchrist,54,30,3,3,KKR,DY Patil Stadium,12 March 2010
179,Saurabh Tiwary,53,30,4,2,RR,Brabourne Stadium,13 March 2010
180,Rohit Sharma,68,31,6,3,PBKS,HPCA Stadium,16 April 2010
181,Saurabh Tiwary,61,31,4,3,DC,Arun Jaitley Stadium,17 March 2010
182,Virat Kohli,58,31,4,4,DEC,M. Chinnaswamy Stadium,08 April 2010
183,Shikhar Dhawan,56,31,5,3,CSK,Brabourne Stadium,25 March 2010
184,Saurabh Tiwary,52,31,3,4,RCB,DY Patil Stadium,21 April 2010
185,Suresh Raina,83,32,7,3,MI,Brabourne Stadium,25 March 2010
186,Naman Ojha,80,32,6,5,CSK,Narendra Modi Stadium,28 March 2010
187,Rohit Sharma,73,33,8,2,RR,Vidarbha Cricket Association Stadium,05 April 2010
188,Robin Uthappa,68,33,3,6,CSK,M. Chinnaswamy Stadium,23 March 2010
189,Rahul Dravid,52,33,5,2,KKR,M. Chinnaswamy Stadium,10 April 2010
190,Virender Sehwag,64,34,6,3,KKR,Eden Gardens,07 April 2010
191,Andrew Symonds,53,34,3,3,PBKS,Barabati Stadium,19 March 2010
192,Sachin Tendulkar,71,35,10,0,KKR,Brabourne Stadium,22 March 2010
193,Jacques Kallis,68,35,9,1,DEC,M. Chinnaswamy Stadium,08 April 2010
194,Subramaniam Badrinath,53,35,7,2,PBKS,HPCA Stadium,18 April 2010
195,Manvinder Bisla,75,36,7,4,RCB,M. Chinnaswamy Stadium,16 March 2010
196,Kumar Sangakkara,52,36,9,1,DEC,HPCA Stadium,16 April 2010
197,Manoj Tiwary,75,37,8,2,PBKS,IS Bindra Stadium,27 March 2010
198,Paul Collingwood,75,37,3,7,RCB,Arun Jaitley Stadium,04 April 2010
199,Kevin Pietersen,66,37,7,1,PBKS,IS Bindra Stadium,02 April 2010
200,Tirumalasetti Suman,55,37,4,2,CSK,Vidarbha Cricket Association Stadium,10 April 2010
201,Shikhar Dhawan,50,37,6,0,PBKS,Brabourne Stadium,30 March 2010
202,Sourav Ganguly,50,37,6,1,PBKS,IS Bindra Stadium,27 March 2010
203,Angelo Mathews,65,38,5,4,DEC,DY Patil Stadium,12 March 2010
204,Jacques Kallis,54,38,5,1,DC,Arun Jaitley Stadium,04 April 2010
205,Suresh Raina,52,38,4,2,DEC,Vidarbha Cricket Association Stadium,10 April 2010
206,Paul Collingwood,51,38,1,3,DEC,Arun Jaitley Stadium,18 April 2010
207,Sourav Ganguly,88,39,9,5,DEC,Eden Gardens,01 April 2010
208,Sourav Ganguly,75,39,11,2,RR,Eden Gardens,17 April 2010
209,Kumar Sangakkara,56,39,6,1,MI,IS Bindra Stadium,09 April 2010
210,Gautam Gambhir,72,40,9,1,PBKS,IS Bindra Stadium,13 March 2010
211,Sachin Tendulkar,72,40,8,1,CSK,Brabourne Stadium,25 March 2010
212,Murali Vijay,50,40,4,2,KKR,Chidambaram,13 April 2010
213,Shaun Marsh,88,41,8,5,CSK,HPCA Stadium,18 April 2010
214,Ravi Bopara,56,41,7,1,DC,IS Bindra Stadium,13 March 2010
215,Sachin Tendulkar,55,41,9,0,DEC,DY Patil Stadium,28 March 2010
216,Subramaniam Badrinath,55,41,6,0,MI,Brabourne Stadium,25 March 2010
217,Jacques Kallis,52,41,7,0,CSK,Chidambaram,31 March 2010
218,Jacques Kallis,89,42,8,5,PBKS,M. Chinnaswamy Stadium,16 March 2010
219,Ravi Bopara,77,42,9,2,RCB,M. Chinnaswamy Stadium,16 March 2010
220,Shaun Marsh,57,42,6,1,MI,Brabourne Stadium,30 March 2010
221,Sourav Ganguly,56,42,8,1,DC,Eden Gardens,07 April 2010
222,Tirumalasetti Suman,78,43,6,3,RCB,M. Chinnaswamy Stadium,08 April 2010
223,Jacques Kallis,66,43,10,0,MI,Brabourne Stadium,20 March 2010
224,Owais Shah,58,43,3,3,DEC,DY Patil Stadium,12 March 2010
225,Paul Collingwood,53,43,3,2,KKR,Arun Jaitley Stadium,29 March 2010
226,Andrew Symonds,50,43,3,3,CSK,Chidambaram,14 March 2010
227,Herschelle Gibbs,50,43,5,1,KKR,Eden Gardens,01 April 2010
228,Rohit Sharma,51,44,7,0,RCB,Vidarbha Cricket Association Stadium,12 April 2010
229,Brad Hodge,50,44,7,0,RCB,Eden Gardens,14 March 2010
230,Sachin Tendulkar,89,45,10,2,RR,Sawai Mansingh Stadium,11 April 2010
231,Abhishek Jhunjhunwala,53,45,5,1,DC,Narendra Modi Stadium,15 March 2010
232,Chris Gayle,75,47,7,2,MI,Brabourne Stadium,22 March 2010
233,Jacques Kallis,65,47,7,1,KKR,Eden Gardens,14 March 2010
234,Mahela Jayawardena,93,49,13,2,DEC,HPCA Stadium,16 April 2010
235,Gautam Gambhir,57,51,5,0,CSK,Chidambaram,15 April 2010
236,Brendon McCullum,57,52,8,0,MI,Eden Gardens,19 April 2010
237,Parthiv Patel,57,53,4,2,PBKS,Chidambaram,21 March 2010
238,Paul Valthaty,120,23,19,2,CSK,IS Bindra Stadium,13 April 2011
239,Dinesh Karthik,69,24,7,5,KTK,Holkar Cricket Stadium,13 May 2011
240,Jesse Ryder,60,24,5,5,DC,DY Patil Stadium,17 April 2011
241,Sunny Sohal,56,24,6,4,CSK,Chidambaram,01 May 2011
242,Adam Gilchrist,106,25,8,9,RCB,HPCA Stadium,17 May 2011
243,Virender Sehwag,119,27,13,6,DEC,Rajiv Gandhi Intl. Cricket Stadium,05 May 2011
244,Shaun Marsh,95,27,9,6,DC,Arun Jaitley Stadium,23 April 2011
245,Chris Gayle,89,27,9,5,MI,Chidambaram,27 May 2011
246,Chris Gayle,107,28,10,9,PBKS,M. Chinnaswamy Stadium,06 May 2011
247,Virender Sehwag,77,28,8,4,PBKS,Arun Jaitley Stadium,23 April 2011
248,Gautam Gambhir,75,28,11,1,RR,Sawai Mansingh Stadium,15 April 2011
249,MS Dhoni,63,28,5,4,DC,Chidambaram,12 May 2011
250,Chris Gayle,102,29,10,7,KKR,Eden Gardens,22 April 2011
251,Murali Vijay,95,29,4,6,RCB,Chidambaram,28 May 2011
252,David Warner,77,29,7,4,PBKS,Arun Jaitley Stadium,23 April 2011
253,Shaun Marsh,71,29,6,3,RR,IS Bindra Stadium,21 April 2011
254,Bharat Chipli,61,29,5,3,RCB,Rajiv Gandhi Intl. Cricket Stadium,14 April 2011
255,Ambati Rayudu,53,29,3,4,KTK,Wankhede Stadium,15 April 2011
256,Aiden Blizzard,51,29,7,2,KKR,Wankhede Stadium,25 May 2011
257,Shane Watson,89,30,9,6,MI,Wankhede Stadium,20 May 2011
258,Mahela Jayawardena,76,30,8,2,PBKS,Holkar Cricket Stadium,13 May 2011
259,Yuvraj Singh,66,30,4,5,DC,DY Patil Stadium,17 April 2011
260,Adam Gilchrist,61,30,5,3,DEC,Rajiv Gandhi Intl. Cricket Stadium,16 April 2011
261,Mahela Jayawardena,56,30,9,0,MI,Wankhede Stadium,15 April 2011
262,JP Duminy,55,30,2,4,DC,Rajiv Gandhi Intl. Cricket Stadium,05 May 2011
263,Tillakaratne Dilshan,52,30,8,1,KTK,M. Chinnaswamy Stadium,08 May 2011
264,Rohit Sharma,87,31,8,5,CSK,Wankhede Stadium,22 April 2011
265,Suresh Raina,59,31,6,2,DEC,Chidambaram,01 May 2011
266,Virat Kohli,56,31,8,2,DC,Arun Jaitley Stadium,26 April 2011
267,Jesse Ryder,51,31,4,2,RCB,M. Chinnaswamy Stadium,29 April 2011
268,Michael Hussey,79,32,8,1,RR,Chidambaram,04 May 2011
269,MS Dhoni,70,32,3,6,RCB,M. Chinnaswamy Stadium,22 May 2011
270,Chris Gayle,70,33,7,4,RR,Sawai Mansingh Stadium,11 May 2011
271,Subramaniam Badrinath,63,33,6,2,PWI,DY Patil Stadium,27 April 2011
272,Rohit Sharma,56,33,5,3,DEC,Rajiv Gandhi Intl. Cricket Stadium,24 April 2011
273,Ajinkya Rahane,52,33,7,0,CSK,Sawai Mansingh Stadium,09 May 2011
274,Shaun Marsh,79,34,7,5,RCB,HPCA Stadium,17 May 2011
275,Chris Gayle,75,34,4,6,CSK,M. Chinnaswamy Stadium,22 May 2011
276,Murali Vijay,74,34,6,4,PBKS,IS Bindra Stadium,13 April 2011
277,Shikhar Dhawan,95,35,14,1,PBKS,HPCA Stadium,21 May 2011
278,Paul Valthaty,75,35,8,5,DEC,Rajiv Gandhi Intl. Cricket Stadium,16 April 2011
279,Sunny Sohal,62,35,8,1,DC,Arun Jaitley Stadium,19 April 2011
280,Ambati Rayudu,59,35,7,2,DC,Wankhede Stadium,07 May 2011
281,Ambati Rayudu,51,35,8,1,PBKS,Wankhede Stadium,02 May 2011
282,Virender Sehwag,80,36,8,5,KTK,Jawaharlal Nehru Stadium,30 April 2011
283,Virat Kohli,70,36,5,3,CSK,Wankhede Stadium,24 May 2011
284,Virat Kohli,67,36,4,4,PWI,M. Chinnaswamy Stadium,29 April 2011
285,Rohit Sharma,58,36,5,1,RR,Wankhede Stadium,20 May 2011
286,Murali Vijay,53,36,2,3,RR,Sawai Mansingh Stadium,09 May 2011
287,Adam Gilchrist,51,36,6,2,DEC,HPCA Stadium,21 May 2011
288,Subramaniam Badrinath,71,37,7,2,MI,Wankhede Stadium,22 April 2011
289,Rahul Dravid,66,37,10,0,CSK,Chidambaram,04 May 2011
290,Manoj Tiwary,61,37,2,3,DC,Arun Jaitley Stadium,28 April 2011
291,Dwaraka Ravi Teja,60,37,5,2,PBKS,HPCA Stadium,21 May 2011
292,Venugopal Rao,60,37,4,4,RR,Sawai Mansingh Stadium,12 April 2011
293,Jacques Kallis,54,37,7,0,CSK,Chidambaram,08 April 2011
294,Subramaniam Badrinath,54,37,3,2,KKR,Eden Gardens,07 May 2011
295,AB de Villiers,65,38,5,2,CSK,Chidambaram,16 April 2011
296,Paul Valthaty,62,38,7,3,DC,HPCA Stadium,15 May 2011
297,Mahela Jayawardena,55,38,2,2,KKR,Jawaharlal Nehru Stadium,05 May 2011
298,Ryan ten Doeschate,70,39,6,3,MI,Wankhede Stadium,25 May 2011
299,Eoin Morgan,66,39,8,2,KTK,Jawaharlal Nehru Stadium,05 May 2011
300,Kumar Sangakkara,65,39,10,0,KTK,Jawaharlal Nehru Stadium,27 April 2011
301,Yuvraj Singh,62,39,3,4,CSK,DY Patil Stadium,27 April 2011
302,Suresh Raina,61,39,3,1,RR,Chidambaram,04 May 2011
303,Shaun Marsh,61,39,8,0,MI,Wankhede Stadium,02 May 2011
304,James Hopes,54,39,7,0,RCB,Arun Jaitley Stadium,26 April 2011
305,Suresh Raina,50,39,5,1,KTK,Jawaharlal Nehru Stadium,18 April 2011
306,Michael Hussey,63,40,3,3,RCB,Chidambaram,28 May 2011
307,Jacques Kallis,59,40,4,3,MI,Eden Gardens,22 May 2011
308,AB de Villiers,54,40,1,5,KTK,Jawaharlal Nehru Stadium,09 April 2011
309,David Warner,54,40,6,1,RR,Sawai Mansingh Stadium,12 April 2011
310,Brendon McCullum,81,41,10,2,MI,Wankhede Stadium,15 April 2011
311,Suresh Raina,73,41,4,6,RCB,Wankhede Stadium,24 May 2011
312,Ambati Rayudu,63,41,9,0,RCB,M. Chinnaswamy Stadium,12 April 2011
313,James Hopes,55,41,10,0,MI,Wankhede Stadium,07 May 2011
314,Subramaniam Badrinath,55,41,6,1,DC,Chidambaram,12 May 2011
315,Shikhar Dhawan,54,41,4,1,KKR,Rajiv Gandhi Intl. Cricket Stadium,03 May 2011
316,Brad Hodge,51,41,3,2,CSK,Chidambaram,18 May 2011
317,Michael Hussey,83,42,11,1,RCB,Chidambaram,16 April 2011
318,Michael Hussey,61,42,6,1,PWI,Chidambaram,25 April 2011
319,Sachin Tendulkar,55,42,7,0,RCB,M. Chinnaswamy Stadium,12 April 2011
320,Ryan McLaren,51,42,6,1,PWI,DY Patil Stadium,10 April 2011
321,Sachin Tendulkar,100,43,12,3,KTK,Wankhede Stadium,15 April 2011
322,Johan Botha,67,43,8,1,DEC,Rajiv Gandhi Intl. Cricket Stadium,09 April 2011
323,Srikkanth Anirudha,64,43,6,2,KKR,Chidambaram,08 April 2011
324,Manish Pandey,59,43,4,3,MI,DY Patil Stadium,04 May 2011
325,Gautam Gambhir,54,43,7,0,PWI,DY Patil Stadium,19 May 2011
326,Virat Kohli,71,44,5,3,DEC,Rajiv Gandhi Intl. Cricket Stadium,14 April 2011
327,Jacques Kallis,53,44,7,1,DEC,Eden Gardens,11 April 2011
328,Sachin Tendulkar,51,44,3,1,PBKS,Wankhede Stadium,02 May 2011
329,David Warner,51,44,5,1,DEC,Arun Jaitley Stadium,19 April 2011
330,Jacques Kallis,80,46,7,2,RR,Sawai Mansingh Stadium,15 April 2011
331,Subramaniam Badrinath,66,46,8,0,PBKS,IS Bindra Stadium,13 April 2011
332,Tillakaratne Dilshan,59,49,4,2,MI,M. Chinnaswamy Stadium,12 April 2011
333,Owais Shah,60,19,5,5,RCB,M. Chinnaswamy Stadium,15 April 2012
334,Virender Sehwag,73,20,12,1,RR,Sawai Mansingh Stadium,01 May 2012
335,MS Dhoni,51,20,6,2,MI,M. Chinnaswamy Stadium,23 May 2012
336,AB de Villiers,59,21,3,5,RR,Sawai Mansingh Stadium,23 April 2012
337,Ross Taylor,55,22,7,2,RCB,Arun Jaitley Stadium,17 May 2012
338,JP Duminy,58,24,3,5,RR,Sawai Mansingh Stadium,17 April 2012
339,Chris Gayle,57,24,3,6,PWI,Maharashtra Cricket Association's International Stadium,11 May 2012
340,David Warner,79,25,10,4,PBKS,HPCA Stadium,19 May 2012
341,Kevin Pietersen,50,25,6,3,MI,Arun Jaitley Stadium,27 April 2012
342,David Warner,109,26,10,7,DEC,Rajiv Gandhi Intl. Cricket Stadium,10 May 2012
343,Mayank Agarwal,64,26,6,4,MI,M. Chinnaswamy Stadium,14 May 2012
344,Shane Watson,58,26,6,4,PWI,Sawai Mansingh Stadium,13 May 2012
345,Shane Watson,90,27,10,4,PWI,Maharashtra Cricket Association's International Stadium,08 May 2012
346,Manvinder Bisla,89,27,8,5,CSK,Chidambaram,27 May 2012
347,Suresh Raina,73,27,3,5,KKR,Chidambaram,27 May 2012
348,Chris Gayle,68,27,2,6,CSK,Chidambaram,12 April 2012
349,David Hussey,65,27,4,5,DEC,IS Bindra Stadium,13 May 2012
350,Virender Sehwag,57,27,5,4,PWI,Arun Jaitley Stadium,21 April 2012
351,Murali Vijay,113,28,15,4,DC,Chidambaram,25 May 2012
352,Gautam Gambhir,93,28,9,5,RCB,Eden Gardens,28 April 2012
353,Virender Sehwag,87,28,10,3,PWI,Maharashtra Cricket Association's International Stadium,24 April 2012
354,Gautam Gambhir,64,28,9,1,RCB,M. Chinnaswamy Stadium,10 April 2012
355,Rohit Sharma,109,29,12,5,KKR,Eden Gardens,12 May 2012
356,Tillakaratne Dilshan,71,29,8,2,DEC,M. Chinnaswamy Stadium,06 May 2012
357,Kieron Pollard,64,29,6,4,RR,Wankhede Stadium,11 April 2012
358,Ambati Rayudu,62,29,5,3,DC,Arun Jaitley Stadium,27 April 2012
359,Rohit Sharma,50,29,3,3,PBKS,IS Bindra Stadium,25 April 2012
360,Virender Sehwag,73,30,8,4,MI,Arun Jaitley Stadium,27 April 2012
361,David Hussey,68,30,4,4,MI,IS Bindra Stadium,25 April 2012
362,Gautam Gambhir,56,30,4,2,PWI,Eden Gardens,05 May 2012
363,Mandeep Singh,75,31,8,3,DEC,Rajiv Gandhi Intl. Cricket Stadium,08 May 2012
364,Gautam Gambhir,62,31,6,3,CSK,Eden Gardens,14 May 2012
365,Mahela Jayawardena,55,31,4,2,CSK,Chidambaram,25 May 2012
366,Kieron Pollard,52,31,5,3,RCB,M. Chinnaswamy Stadium,14 May 2012
367,Owais Shah,76,32,5,5,MI,Wankhede Stadium,11 April 2012
368,Sachin Tendulkar,74,32,11,1,CSK,Wankhede Stadium,06 May 2012
369,Chris Gayle,71,32,6,4,PBKS,M. Chinnaswamy Stadium,02 May 2012
370,Faf du Plessis,71,32,5,4,RCB,Chidambaram,12 April 2012
371,Jesse Ryder,86,33,7,4,DC,Arun Jaitley Stadium,21 April 2012
372,Robin Uthappa,69,33,9,2,RCB,M. Chinnaswamy Stadium,17 April 2012
373,Shaun Marsh,68,33,5,3,MI,Wankhede Stadium,22 April 2012
374,Cameron White,65,33,7,2,DC,Rajiv Gandhi Intl. Cricket Stadium,10 May 2012
375,Virender Sehwag,63,33,8,2,RR,Arun Jaitley Stadium,29 April 2012
376,Dwayne Smith,87,34,10,3,RR,Sawai Mansingh Stadium,20 May 2012
377,Faf du Plessis,73,34,6,2,RR,Chidambaram,21 April 2012
378,Rahul Dravid,58,34,8,0,RCB,Sawai Mansingh Stadium,23 April 2012
379,Richard Levi,50,34,6,3,CSK,Chidambaram,04 April 2012
380,Nitin Saini,50,34,5,0,RCB,M. Chinnaswamy Stadium,02 May 2012
381,Cameron White,78,35,6,5,PWI,Maharashtra Cricket Association's International Stadium,26 April 2012
382,Cameron White,67,35,8,1,PBKS,IS Bindra Stadium,13 May 2012
383,Rahul Dravid,57,35,7,0,DC,Sawai Mansingh Stadium,01 May 2012
384,Michael Hussey,56,35,4,4,KKR,Eden Gardens,14 May 2012
385,Chris Gayle,82,36,5,6,MI,Wankhede Stadium,09 May 2012
386,Jesse Ryder,73,36,7,1,CSK,Maharashtra Cricket Association's International Stadium,14 April 2012
387,Shikhar Dhawan,71,36,4,3,PBKS,IS Bindra Stadium,13 May 2012
388,Gautam Gambhir,66,36,7,1,PBKS,IS Bindra Stadium,18 April 2012
389,AB de Villiers,52,36,6,0,PBKS,IS Bindra Stadium,20 April 2012
390,Chris Gayle,128,37,7,13,DC,Arun Jaitley Stadium,17 May 2012
391,Ajinkya Rahane,98,37,16,1,PBKS,Sawai Mansingh Stadium,06 April 2012
392,Shikhar Dhawan,84,37,9,5,DC,Rajiv Gandhi Intl. Cricket Stadium,10 May 2012
393,AB de Villiers,64,37,6,2,DC,M. Chinnaswamy Stadium,07 April 2012
394,Rohit Sharma,60,37,6,2,CSK,Wankhede Stadium,06 May 2012
395,Shikhar Dhawan,52,37,8,0,RR,Sawai Mansingh Stadium,17 April 2012
396,Kumar Sangakkara,82,38,10,2,PWI,Barabati Stadium,01 May 2012
397,Chris Gayle,81,38,4,8,PWI,M. Chinnaswamy Stadium,17 April 2012
398,James Franklin,79,38,6,4,PBKS,Wankhede Stadium,22 April 2012
399,Cameron White,74,38,4,4,PWI,Barabati Stadium,01 May 2012
400,Naman Ojha,64,38,2,5,DEC,Rajiv Gandhi Intl. Cricket Stadium,10 May 2012
401,Michael Hussey,54,38,4,2,KKR,Chidambaram,27 May 2012
402,Cameron White,77,39,9,2,CSK,Chidambaram,04 May 2012
403,Shikhar Dhawan,73,39,10,1,RCB,M. Chinnaswamy Stadium,06 May 2012
404,Jacques Kallis,69,39,7,1,CSK,Chidambaram,27 May 2012
405,Mahela Jayawardena,55,39,8,0,MI,Arun Jaitley Stadium,27 April 2012
406,Ajinkya Rahane,84,40,9,1,DC,Arun Jaitley Stadium,29 April 2012
407,Manish Pandey,80,40,7,3,DC,Maharashtra Cricket Association's International Stadium,24 April 2012
408,Ajinkya Rahane,61,40,7,0,PWI,Sawai Mansingh Stadium,13 May 2012
409,Brendon McCullum,56,40,7,0,DC,Arun Jaitley Stadium,07 May 2012
410,Tillakaratne Dilshan,53,40,6,1,PWI,Maharashtra Cricket Association's International Stadium,11 May 2012
411,Owais Shah,52,40,4,3,CSK,Chidambaram,21 April 2012
412,Ajinkya Rahane,103,41,12,5,RCB,M. Chinnaswamy Stadium,15 April 2012
413,Chris Gayle,87,41,8,4,PBKS,IS Bindra Stadium,20 April 2012
414,Ambati Rayudu,81,41,6,4,RCB,M. Chinnaswamy Stadium,14 May 2012
415,Rohit Sharma,73,41,4,5,DEC,ACA-VDCA Stadium,09 April 2012
416,Virat Kohli,73,41,9,1,DC,Arun Jaitley Stadium,17 May 2012
417,Kevin Pietersen,103,42,6,9,DEC,Arun Jaitley Stadium,19 April 2012
418,Chris Gayle,86,42,7,6,KKR,Eden Gardens,28 April 2012
419,Adam Gilchrist,64,42,9,2,CSK,HPCA Stadium,17 May 2012
420,Manoj Tiwary,59,42,7,0,RR,Sawai Mansingh Stadium,08 April 2012
421,Faf du Plessis,58,42,4,2,PWI,Chidambaram,19 April 2012
422,Subramaniam Badrinath,57,42,8,0,PWI,Chidambaram,19 April 2012
423,Tillakaratne Dilshan,76,43,10,1,RR,Sawai Mansingh Stadium,23 April 2012
424,JP Duminy,74,43,4,5,RCB,Rajiv Gandhi Intl. Cricket Stadium,20 May 2012
425,Gautam Gambhir,63,43,6,1,CSK,Chidambaram,30 April 2012
426,Virat Kohli,57,43,5,2,CSK,Chidambaram,12 April 2012
427,Sachin Tendulkar,58,44,6,0,RR,Sawai Mansingh Stadium,20 May 2012
428,Mandeep Singh,56,44,5,1,CSK,Chidambaram,28 April 2012
429,Jacques Kallis,79,45,7,3,MI,Eden Gardens,12 May 2012
430,Herschelle Gibbs,66,48,7,2,KKR,Eden Gardens,12 May 2012
431,Mahela Jayawardena,56,48,8,0,PBKS,Arun Jaitley Stadium,15 May 2012
432,Shaun Marsh,64,49,7,1,PWI,IS Bindra Stadium,12 April 2012
433,Shikhar Dhawan,50,49,4,1,KKR,Barabati Stadium,22 April 2012
434,Robin Uthappa,60,52,6,0,DC,Maharashtra Cricket Association's International Stadium,24 April 2012
435,Chris Gayle,175,17,13,17,PWI,M. Chinnaswamy Stadium,23 April 2013
436,Kieron Pollard,66,20,2,8,SRH,Wankhede Stadium,13 May 2013
437,Dwayne Smith,68,21,6,5,CSK,Arun Jaitley Stadium,21 May 2013
438,AB de Villiers,50,23,6,2,PWI,Maharashtra Cricket Association's International Stadium,02 May 2013
439,David Miller,101,24,8,7,RCB,IS Bindra Stadium,06 May 2013
440,MS Dhoni,51,24,5,3,MI,Chidambaram,06 April 2013
441,David Warner,51,24,4,4,PWI,Shaheed Veer Narayan Singh International Cricket Stadium,28 April 2013
442,Shane Watson,70,25,6,6,CSK,Sawai Mansingh Stadium,12 May 2013
443,David Miller,51,25,5,2,CSK,Chidambaram,02 May 2013
444,AB de Villiers,64,26,8,1,CSK,Chidambaram,13 April 2013
445,Azhar Mahmood,80,27,8,4,MI,HPCA Stadium,18 May 2013
446,Chris Gayle,61,27,6,3,PBKS,IS Bindra Stadium,06 May 2013
447,Rohit Sharma,79,28,6,6,PBKS,Wankhede Stadium,29 April 2013
448,Virat Kohli,56,28,6,4,CSK,M. Chinnaswamy Stadium,18 May 2013
449,Shane Watson,101,29,6,6,CSK,Chidambaram,22 April 2013
450,Dinesh Karthik,86,29,14,2,DC,Wankhede Stadium,09 April 2013
451,Suresh Raina,82,29,5,5,MI,Arun Jaitley Stadium,21 May 2013
452,David Miller,80,29,5,5,PWI,IS Bindra Stadium,21 April 2013
453,Brad Hodge,54,29,2,5,SRH,Arun Jaitley Stadium,22 May 2013
454,Rohit Sharma,62,30,3,5,PWI,Wankhede Stadium,13 April 2013
455,Aditya Tare,59,30,8,1,RR,Wankhede Stadium,15 May 2013
456,MS Dhoni,58,30,2,4,DC,Chidambaram,14 May 2013
457,Michael Hussey,95,31,11,2,KKR,Chidambaram,28 April 2013
458,Virender Sehwag,95,31,13,2,MI,Arun Jaitley Stadium,21 April 2013
459,Virat Kohli,93,31,11,4,SRH,M. Chinnaswamy Stadium,09 April 2013
460,Michael Hussey,88,31,13,1,RR,Chidambaram,22 April 2013
461,Rohit Sharma,73,31,5,5,DC,Arun Jaitley Stadium,21 April 2013
462,Gautam Gambhir,60,31,9,0,PBKS,IS Bindra Stadium,16 April 2013
463,Dinesh Karthik,60,31,3,4,RCB,M. Chinnaswamy Stadium,04 April 2013
464,Kieron Pollard,60,31,7,3,CSK,Eden Gardens,26 May 2013
465,Aaron Finch,52,31,3,4,DC,Maharashtra Cricket Association's International Stadium,19 May 2013
466,Suresh Raina,100,32,7,6,PBKS,Chidambaram,02 May 2013
467,Chris Gayle,85,32,4,9,KKR,M. Chinnaswamy Stadium,11 April 2013
468,Yusuf Pathan,72,32,8,2,PWI,JSCA Stadium,15 May 2013
469,Aaron Finch,67,32,10,2,CSK,Chidambaram,15 April 2013
470,Michael Hussey,67,32,5,4,SRH,Rajiv Gandhi Intl. Cricket Stadium,08 May 2013
471,MS Dhoni,67,32,7,4,SRH,Chidambaram,25 April 2013
472,Virat Kohli,65,32,7,1,DC,M. Chinnaswamy Stadium,16 April 2013
473,Sanju Samson,63,32,7,2,RCB,Sawai Mansingh Stadium,29 April 2013
474,David Miller,56,32,1,5,MI,Wankhede Stadium,29 April 2013
475,Cameron White,52,32,3,3,RCB,M. Chinnaswamy Stadium,09 April 2013
476,Aaron Finch,64,33,8,2,PBKS,IS Bindra Stadium,21 April 2013
477,Suresh Raina,51,33,4,2,RR,Chidambaram,22 April 2013
478,Robin Uthappa,75,34,5,5,RCB,Maharashtra Cricket Association's International Stadium,02 May 2013
479,Shaun Marsh,73,34,8,2,CSK,Chidambaram,02 May 2013
480,Dwayne Smith,62,34,3,5,KKR,Eden Gardens,24 April 2013
481,David Warner,61,34,5,4,MI,Wankhede Stadium,09 April 2013
482,Mahela Jayawardena,59,34,8,1,MI,Arun Jaitley Stadium,21 April 2013
483,Suresh Raina,99,35,11,3,SRH,Rajiv Gandhi Intl. Cricket Stadium,08 May 2013
484,David Warner,66,35,6,3,KKR,Shaheed Veer Narayan Singh International Cricket Stadium,01 May 2013
485,Kieron Pollard,57,35,4,5,CSK,Chidambaram,06 April 2013
486,Eoin Morgan,51,35,3,3,RR,Sawai Mansingh Stadium,08 April 2013
487,Dwayne Smith,50,35,4,3,RCB,Wankhede Stadium,27 April 2013
488,Michael Hussey,86,36,11,2,PBKS,IS Bindra Stadium,10 April 2013
489,Aaron Finch,64,36,6,3,RR,Maharashtra Cricket Association's International Stadium,11 April 2013
490,Ben Rohrer,64,36,9,1,RR,Sawai Mansingh Stadium,07 May 2013
491,Azhar Mahmood,61,36,8,1,RCB,M. Chinnaswamy Stadium,14 May 2013
492,Shikhar Dhawan,59,36,6,2,MI,Wankhede Stadium,13 May 2013
493,Rahul Dravid,58,36,9,1,PWI,Sawai Mansingh Stadium,05 May 2013
494,Ajinkya Rahane,67,37,6,2,PWI,Sawai Mansingh Stadium,05 May 2013
495,Ajinkya Rahane,63,37,5,1,DC,Sawai Mansingh Stadium,07 May 2013
496,Darren Sammy,60,37,8,1,RR,Sawai Mansingh Stadium,27 April 2013
497,Chris Gayle,92,38,11,5,MI,M. Chinnaswamy Stadium,04 April 2013
498,Dwayne Smith,62,38,6,2,RR,Eden Gardens,24 May 2013
499,Shane Watson,98,39,13,4,SRH,Sawai Mansingh Stadium,27 April 2013
500,Mandeep Singh,77,39,7,0,PWI,IS Bindra Stadium,21 April 2013
501,Shaun Marsh,63,39,11,0,MI,HPCA Stadium,18 May 2013
502,Gautam Gambhir,59,39,7,1,RCB,M. Chinnaswamy Stadium,11 April 2013
503,Virat Kohli,57,39,6,2,PBKS,M. Chinnaswamy Stadium,14 May 2013
504,Gautam Gambhir,53,39,6,1,SRH,Eden Gardens,14 April 2013
505,Michael Hussey,86,40,10,2,MI,Arun Jaitley Stadium,21 May 2013
506,Chris Gayle,77,40,4,6,PBKS,M. Chinnaswamy Stadium,14 May 2013
507,Shikhar Dhawan,73,40,9,1,MI,Rajiv Gandhi Intl. Cricket Stadium,01 May 2013
508,Manish Pandey,66,40,8,1,KKR,JSCA Stadium,15 May 2013
509,Rahul Dravid,65,40,6,2,DC,Arun Jaitley Stadium,06 April 2013
510,Robin Uthappa,54,40,8,1,RR,Sawai Mansingh Stadium,05 May 2013
511,Adam Gilchrist,85,41,10,3,RCB,M. Chinnaswamy Stadium,14 May 2013
512,David Warner,77,41,9,1,RR,Arun Jaitley Stadium,06 April 2013
513,Michael Hussey,65,41,6,2,DC,Arun Jaitley Stadium,18 April 2013
514,MS Dhoni,63,41,3,5,MI,Eden Gardens,26 May 2013
515,Shikhar Dhawan,63,41,10,0,CSK,Chidambaram,25 April 2013
516,Rohit Sharma,74,42,4,5,DC,Wankhede Stadium,09 April 2013
517,Suresh Raina,63,42,5,1,PWI,Maharashtra Cricket Association's International Stadium,30 April 2013
518,Saurabh Tiwary,52,42,2,2,PWI,Maharashtra Cricket Association's International Stadium,02 May 2013
519,Manvinder Bisla,51,42,3,3,PBKS,Eden Gardens,26 April 2013
520,Manvinder Bisla,92,43,14,2,CSK,Chidambaram,28 April 2013
521,Ajinkya Rahane,59,43,3,3,PBKS,IS Bindra Stadium,09 May 2013
522,Virat Kohli,58,43,2,2,CSK,Chidambaram,13 April 2013
523,Biplap Samantray,55,43,6,1,RR,Rajiv Gandhi Intl. Cricket Stadium,17 May 2013
524,Sachin Tendulkar,54,43,3,2,DC,Arun Jaitley Stadium,21 April 2013
525,Rahul Dravid,54,43,8,0,PWI,Maharashtra Cricket Association's International Stadium,11 April 2013
526,Gautam Gambhir,50,43,6,0,PWI,Maharashtra Cricket Association's International Stadium,09 May 2013
527,Virat Kohli,99,44,10,4,DC,Arun Jaitley Stadium,10 May 2013
528,Shaun Marsh,77,44,6,2,RR,IS Bindra Stadium,09 May 2013
529,Parthiv Patel,61,44,5,2,PBKS,IS Bindra Stadium,11 May 2013
530,Rahul Dravid,53,45,7,0,DC,Sawai Mansingh Stadium,07 May 2013
531,Cheteshwar Pujara,51,45,8,0,PBKS,IS Bindra Stadium,06 May 2013
532,Ajinkya Rahane,68,46,8,1,MI,Sawai Mansingh Stadium,17 April 2013
533,Mahela Jayawardena,66,46,8,1,KKR,Eden Gardens,03 April 2013
534,Murali Vijay,55,49,6,0,RR,Sawai Mansingh Stadium,12 May 2013
535,Murali Vijay,50,50,3,1,PBKS,IS Bindra Stadium,10 April 2013
536,Yusuf Pathan,72,15,5,7,SRH,Eden Gardens,24 May 2014
537,Suresh Raina,87,16,12,6,PBKS,Wankhede Stadium,30 May 2014
538,David Miller,51,19,0,6,RR,Sharjah Cricket Stadium,20 April 2014
539,Virender Sehwag,122,21,12,8,CSK,Wankhede Stadium,30 May 2014
540,Glenn Maxwell,95,21,5,9,SRH,Sharjah Cricket Stadium,22 April 2014
541,Glenn Maxwell,90,22,6,8,CSK,Barabati Stadium,07 May 2014
542,Wriddhiman Saha,54,22,8,2,SRH,Rajiv Gandhi Intl. Cricket Stadium,14 May 2014
543,Faf du Plessis,52,22,7,1,PBKS,Barabati Stadium,07 May 2014
544,AB de Villiers,89,23,6,8,SRH,M. Chinnaswamy Stadium,04 May 2014
545,David Miller,66,23,8,3,RCB,M. Chinnaswamy Stadium,09 May 2014
546,Yuvraj Singh,83,24,7,7,RR,M. Chinnaswamy Stadium,11 May 2014
547,Yuvraj Singh,68,24,1,9,DC,M. Chinnaswamy Stadium,13 May 2014
548,Glenn Maxwell,95,25,15,2,CSK,Zayed Cricket Stadium,18 April 2014
549,Corey Anderson,95,25,9,6,RR,Wankhede Stadium,25 May 2014
550,David Warner,90,25,12,3,CSK,JSCA Stadium,22 May 2014
551,AB de Villiers,53,25,1,5,PBKS,M. Chinnaswamy Stadium,09 May 2014
552,Karun Nair,50,26,7,2,MI,Wankhede Stadium,25 May 2014
553,Lendl Simmons,100,27,14,2,PBKS,IS Bindra Stadium,21 May 2014
554,Dwayne Smith,50,27,6,3,RR,Dubai International Stadium,23 April 2014
555,Glenn Maxwell,89,28,8,6,RR,Sharjah Cricket Stadium,20 April 2014
556,Michael Hussey,56,28,7,2,DC,Wankhede Stadium,23 May 2014
557,Yuvraj Singh,52,28,3,5,DC,Sharjah Cricket Stadium,17 April 2014
558,Shane Watson,50,28,5,3,PBKS,Sharjah Cricket Stadium,20 April 2014
559,Wriddhiman Saha,115,29,10,8,KKR,M. Chinnaswamy Stadium,01 June 2014
560,Naman Ojha,79,29,4,7,PBKS,Rajiv Gandhi Intl. Cricket Stadium,14 May 2014
561,Robin Uthappa,67,29,10,1,CSK,Eden Gardens,20 May 2014
562,Suresh Raina,54,29,4,2,MI,Brabourne Stadium,28 May 2014
563,Brendon McCullum,67,30,4,5,PBKS,Zayed Cricket Stadium,18 April 2014
564,AB de Villiers,58,30,1,5,RR,M. Chinnaswamy Stadium,11 May 2014
565,David Warner,55,30,6,2,MI,Rajiv Gandhi Intl. Cricket Stadium,12 May 2014
566,Manish Pandey,94,31,7,6,PBKS,M. Chinnaswamy Stadium,01 June 2014
567,Rohit Sharma,59,31,3,4,RCB,Wankhede Stadium,06 May 2014
568,Shakib Al Hasan,60,32,5,3,RCB,Eden Gardens,22 May 2014
569,Michael Hussey,56,32,3,2,RR,Narendra Modi Stadium,19 May 2014
570,Brendon McCullum,56,32,5,2,KKR,JSCA Stadium,02 May 2014
571,David Miller,54,32,3,3,CSK,Zayed Cricket Stadium,18 April 2014
572,Gautam Gambhir,54,32,6,1,RR,Narendra Modi Stadium,05 May 2014
573,Sanju Samson,52,32,3,4,PBKS,Sharjah Cricket Stadium,20 April 2014
574,David Hussey,50,33,5,2,SRH,JSCA Stadium,22 May 2014
575,Robin Uthappa,83,34,10,1,RCB,Eden Gardens,22 May 2014
576,Robin Uthappa,80,34,9,3,MI,Barabati Stadium,14 May 2014
577,Ambati Rayudu,68,34,7,2,SRH,Rajiv Gandhi Intl. Cricket Stadium,12 May 2014
578,Virat Kohli,67,34,4,4,SRH,Rajiv Gandhi Intl. Cricket Stadium,20 May 2014
579,Kevin Pietersen,58,34,9,0,PBKS,IS Bindra Stadium,25 May 2014
580,Karun Nair,56,34,8,0,RCB,M. Chinnaswamy Stadium,11 May 2014
581,Virender Sehwag,72,35,11,1,KKR,Barabati Stadium,11 May 2014
582,Dinesh Karthik,69,35,7,3,PBKS,Arun Jaitley Stadium,19 May 2014
583,Suresh Raina,62,35,6,1,RCB,JSCA Stadium,18 May 2014
584,JP Duminy,52,35,3,3,KKR,Dubai International Stadium,19 April 2014
585,Shane Watson,51,35,3,4,CSK,JSCA Stadium,13 May 2014
586,Dinesh Karthik,51,35,4,3,CSK,Arun Jaitley Stadium,05 May 2014
587,Sanju Samson,74,36,7,3,MI,Wankhede Stadium,25 May 2014
588,Brendon McCullum,71,36,8,2,MI,Dubai International Stadium,25 April 2014
589,Lendl Simmons,67,36,5,4,CSK,Brabourne Stadium,28 May 2014
590,Dinesh Karthik,56,36,5,2,KKR,Dubai International Stadium,19 April 2014
591,Suresh Raina,56,36,5,1,DC,Zayed Cricket Stadium,21 April 2014
592,Aaron Finch,88,37,8,4,DC,Dubai International Stadium,25 April 2014
593,Kieron Pollard,78,37,3,6,SRH,Dubai International Stadium,30 April 2014
594,Jacques Kallis,72,37,5,3,MI,Zayed Cricket Stadium,16 April 2014
595,Dwayne Smith,66,37,4,5,SRH,Sharjah Cricket Stadium,27 April 2014
596,Dwayne Smith,66,37,6,3,PBKS,Zayed Cricket Stadium,18 April 2014
597,Dwayne Smith,79,38,4,8,DC,Arun Jaitley Stadium,05 May 2014
598,Gautam Gambhir,63,38,7,0,PBKS,Barabati Stadium,11 May 2014
599,Ambati Rayudu,59,38,2,4,CSK,Wankhede Stadium,10 May 2014
600,Robin Uthappa,55,38,6,1,DC,Dubai International Stadium,19 April 2014
601,Gautam Gambhir,69,39,5,2,DC,Arun Jaitley Stadium,07 May 2014
602,Lendl Simmons,68,39,5,4,SRH,Rajiv Gandhi Intl. Cricket Stadium,12 May 2014
603,Robin Uthappa,65,39,5,3,RR,Narendra Modi Stadium,05 May 2014
604,Manoj Tiwary,61,39,5,2,RR,Narendra Modi Stadium,15 May 2014
605,MS Dhoni,57,39,2,4,SRH,JSCA Stadium,22 May 2014
606,Murali Vijay,52,39,7,1,SRH,Dubai International Stadium,25 April 2014
607,Shikhar Dhawan,50,39,7,1,RCB,Rajiv Gandhi Intl. Cricket Stadium,20 May 2014
608,Virat Kohli,73,40,2,5,CSK,M. Chinnaswamy Stadium,24 May 2014
609,Shikhar Dhawan,64,40,4,2,CSK,JSCA Stadium,22 May 2014
610,David Warner,58,40,3,3,DC,Dubai International Stadium,25 April 2014
611,Rohit Sharma,50,40,3,2,CSK,Dubai International Stadium,25 April 2014
612,Karun Nair,73,41,8,2,DC,Arun Jaitley Stadium,03 May 2014
613,Aaron Finch,68,41,7,2,MI,Rajiv Gandhi Intl. Cricket Stadium,12 May 2014
614,David Warner,65,41,1,4,MI,Dubai International Stadium,30 April 2014
615,David Warner,59,41,3,4,RCB,Rajiv Gandhi Intl. Cricket Stadium,20 May 2014
616,Manan Vohra,67,42,6,2,KKR,M. Chinnaswamy Stadium,01 June 2014
617,Manish Pandey,64,42,6,2,MI,Zayed Cricket Stadium,16 April 2014
618,Parthiv Patel,57,42,7,0,MI,Dubai International Stadium,19 April 2014
619,Suresh Raina,65,43,3,5,KKR,Eden Gardens,20 May 2014
620,Lendl Simmons,62,43,6,2,RR,Narendra Modi Stadium,19 May 2014
621,David Warner,61,43,4,3,RCB,M. Chinnaswamy Stadium,04 May 2014
622,Wriddhiman Saha,59,43,4,3,MI,Wankhede Stadium,03 May 2014
623,Faf du Plessis,54,43,3,3,RCB,M. Chinnaswamy Stadium,24 May 2014
624,Rohit Sharma,51,43,4,2,KKR,Barabati Stadium,14 May 2014
625,Ajinkya Rahane,72,44,6,1,KKR,Zayed Cricket Stadium,29 April 2014
626,JP Duminy,67,44,4,3,RCB,Sharjah Cricket Stadium,17 April 2014
627,Ajinkya Rahane,64,45,8,1,DC,Narendra Modi Stadium,15 May 2014
628,Ajinkya Rahane,59,46,6,0,SRH,Zayed Cricket Stadium,18 April 2014
629,Dwayne Smith,57,49,5,3,MI,Wankhede Stadium,10 May 2014
630,Harbhajan Singh,64,19,5,6,PBKS,Wankhede Stadium,12 April 2015
631,Andre Russell,51,19,5,4,PBKS,Eden Gardens,09 May 2015
632,David Warner,61,20,11,1,CSK,Rajiv Gandhi Intl. Cricket Stadium,02 May 2015
633,Moises Henriques,57,20,5,4,RCB,Rajiv Gandhi Intl. Cricket Stadium,15 May 2015
634,Kieron Pollard,64,21,4,5,CSK,Wankhede Stadium,17 April 2015
635,Chris Gayle,117,22,7,12,PBKS,M. Chinnaswamy Stadium,06 May 2015
636,Dwayne Smith,62,22,8,4,MI,Wankhede Stadium,17 April 2015
637,Deepak Hooda,54,22,3,4,DC,Arun Jaitley Stadium,12 April 2015
638,Eoin Morgan,63,23,4,5,RR,Brabourne Stadium,07 May 2015
639,Kedar Jadhav,63,24,8,2,SRH,Shaheed Veer Narayan Singh International Cricket Stadium,09 May 2015
640,David Warner,57,24,6,4,RCB,M. Chinnaswamy Stadium,13 April 2015
641,Hardik Pandya,61,25,8,2,KKR,Wankhede Stadium,14 May 2015
642,Andre Russell,55,25,4,4,CSK,Eden Gardens,30 April 2015
643,Rohit Sharma,50,25,6,2,CSK,Eden Gardens,24 May 2015
644,George Bailey,61,27,4,3,MI,Wankhede Stadium,12 April 2015
645,Ambati Rayudu,53,27,4,3,RR,Wankhede Stadium,01 May 2015
646,Kieron Pollard,70,28,7,5,RR,Narendra Modi Stadium,14 April 2015
647,Andre Russell,66,28,9,2,PBKS,Maharashtra Cricket Association's International Stadium,18 April 2015
648,MS Dhoni,53,28,4,4,SRH,Chidambaram,11 April 2015
649,AB de Villiers,133,29,19,4,MI,Wankhede Stadium,10 May 2015
650,Dwayne Bravo,62,29,8,1,RR,Narendra Modi Stadium,19 April 2015
651,Suresh Raina,62,29,4,6,RCB,M. Chinnaswamy Stadium,22 April 2015
652,Chris Gayle,62,29,6,4,DC,Arun Jaitley Stadium,26 April 2015
653,David Miller,54,29,1,5,RR,Narendra Modi Stadium,21 April 2015
654,Quinton de Kock,50,29,9,1,SRH,Shaheed Veer Narayan Singh International Cricket Stadium,09 May 2015
655,Quinton de Kock,69,30,9,3,RCB,M. Chinnaswamy Stadium,17 May 2015
656,David Warner,52,30,5,1,RCB,Rajiv Gandhi Intl. Cricket Stadium,15 May 2015
657,Rohit Sharma,50,30,5,1,CSK,Wankhede Stadium,17 April 2015
658,Shane Watson,104,31,9,5,KKR,Brabourne Stadium,16 May 2015
659,David Miller,89,31,2,9,SRH,Rajiv Gandhi Intl. Cricket Stadium,11 May 2015
660,Steve Smith,68,32,9,2,SRH,Brabourne Stadium,07 May 2015
661,Brendon McCullum,66,32,8,3,PBKS,Chidambaram,25 April 2015
662,Shaun Marsh,65,32,5,3,RR,Narendra Modi Stadium,21 April 2015
663,Shreyas Iyer,60,32,3,5,SRH,ACA-VDCA Stadium,18 April 2015
664,Parthiv Patel,59,32,5,3,PBKS,IS Bindra Stadium,03 May 2015
665,Mandeep Singh,54,32,7,2,RR,Maharashtra Cricket Association's International Stadium,20 May 2015
666,Karun Nair,61,33,6,2,DC,Brabourne Stadium,03 May 2015
667,Unmukt Chand,58,33,8,2,RCB,M. Chinnaswamy Stadium,19 April 2015
668,Shikhar Dhawan,54,33,6,2,RR,Brabourne Stadium,07 May 2015
669,Yuvraj Singh,54,33,5,3,PBKS,Maharashtra Cricket Association's International Stadium,15 April 2015
670,AB de Villiers,66,34,4,4,RR,Maharashtra Cricket Association's International Stadium,20 May 2015
671,JP Duminy,56,34,3,3,RR,Brabourne Stadium,03 May 2015
672,Ajinkya Rahane,76,35,6,2,CSK,Narendra Modi Stadium,19 April 2015
673,Sanju Samson,76,35,7,3,MI,Wankhede Stadium,01 May 2015
674,Shane Watson,73,35,6,4,CSK,Narendra Modi Stadium,19 April 2015
675,Lendl Simmons,68,35,8,3,CSK,Eden Gardens,24 May 2015
676,JP Duminy,67,35,4,3,RCB,M. Chinnaswamy Stadium,17 May 2015
677,David Warner,58,35,10,1,PBKS,IS Bindra Stadium,27 April 2015
678,Yusuf Pathan,52,35,5,2,MI,Wankhede Stadium,14 May 2015
679,David Warner,91,36,9,4,KKR,ACA-VDCA Stadium,22 April 2015
680,Ajinkya Rahane,91,36,9,3,DC,Brabourne Stadium,03 May 2015
681,David Warner,81,36,6,5,PBKS,Rajiv Gandhi Intl. Cricket Stadium,11 May 2015
682,JP Duminy,78,36,3,6,MI,Arun Jaitley Stadium,23 April 2015
683,Shreyas Iyer,70,36,10,1,CSK,Shaheed Veer Narayan Singh International Cricket Stadium,12 May 2015
684,Lendl Simmons,59,36,9,2,RCB,M. Chinnaswamy Stadium,19 April 2015
685,Faf du Plessis,55,36,5,1,PBKS,IS Bindra Stadium,16 May 2015
686,Parthiv Patel,51,36,9,0,SRH,Rajiv Gandhi Intl. Cricket Stadium,17 May 2015
687,Chris Gayle,96,37,7,7,KKR,Eden Gardens,11 April 2015
688,Shreyas Iyer,83,37,7,5,MI,Arun Jaitley Stadium,23 April 2015
689,Mayank Agarwal,68,37,7,2,PBKS,Maharashtra Cricket Association's International Stadium,15 April 2015
690,Corey Anderson,50,37,5,3,RR,Narendra Modi Stadium,14 April 2015
691,Brendon McCullum,100,38,7,9,SRH,Chidambaram,11 April 2015
692,Lendl Simmons,71,38,9,1,PBKS,IS Bindra Stadium,03 May 2015
693,Lendl Simmons,65,38,3,5,CSK,Wankhede Stadium,19 May 2015
694,Gautam Gambhir,60,38,8,0,DC,Arun Jaitley Stadium,20 April 2015
695,Shreyas Iyer,54,38,4,3,PBKS,Arun Jaitley Stadium,01 May 2015
696,Virat Kohli,82,39,6,4,MI,Wankhede Stadium,10 May 2015
697,Moises Henriques,74,39,1,5,DC,Shaheed Veer Narayan Singh International Cricket Stadium,09 May 2015
698,Virat Kohli,62,39,1,3,RR,Narendra Modi Stadium,24 April 2015
699,Gautam Gambhir,57,39,7,1,MI,Eden Gardens,08 April 2015
700,JP Duminy,54,39,5,2,SRH,ACA-VDCA Stadium,18 April 2015
701,Mayank Agarwal,52,39,6,1,PBKS,Arun Jaitley Stadium,01 May 2015
702,Robin Uthappa,80,40,7,1,CSK,Eden Gardens,30 April 2015
703,Steve Smith,79,40,8,1,MI,Narendra Modi Stadium,14 April 2015
704,Ajinkya Rahane,74,40,6,2,PBKS,Narendra Modi Stadium,21 April 2015
705,George Bailey,60,40,5,2,KKR,Maharashtra Cricket Association's International Stadium,18 April 2015
706,Yuvraj Singh,57,40,7,2,MI,Wankhede Stadium,05 May 2015
707,Virat Kohli,51,40,4,2,CSK,M. Chinnaswamy Stadium,22 April 2015
708,Gautam Gambhir,58,41,7,1,RCB,Eden Gardens,11 April 2015
709,AB de Villiers,57,41,9,1,RR,M. Chinnaswamy Stadium,29 April 2015
710,Corey Anderson,55,41,4,3,KKR,Eden Gardens,08 April 2015
711,David Warner,53,41,1,3,CSK,Chidambaram,11 April 2015
712,Lendl Simmons,51,41,6,1,SRH,Wankhede Stadium,25 April 2015
713,Shikhar Dhawan,50,41,4,2,RCB,M. Chinnaswamy Stadium,13 April 2015
714,Albie Morkel,73,43,8,1,CSK,Chidambaram,09 April 2015
715,Lendl Simmons,68,43,5,3,RCB,Wankhede Stadium,10 May 2015
716,Michael Hussey,56,43,3,2,RCB,JSCA Stadium,22 May 2015
717,Shikhar Dhawan,54,43,4,1,KKR,ACA-VDCA Stadium,22 April 2015
718,Brendon McCullum,81,44,7,4,RR,Chidambaram,10 May 2015
719,Suresh Raina,52,44,5,1,RCB,Chidambaram,04 May 2015
720,Dwayne Smith,57,45,9,1,MI,Eden Gardens,24 May 2015
721,Rohit Sharma,98,46,12,4,KKR,Eden Gardens,08 April 2015
722,Ajinkya Rahane,62,46,9,0,SRH,ACA-VDCA Stadium,16 April 2015
723,Chris Morris,82,17,4,8,GL,Arun Jaitley Stadium,27 April 2016
724,Kieron Pollard,51,17,2,6,KKR,Wankhede Stadium,28 April 2016
725,David Warner,58,21,4,5,RCB,M. Chinnaswamy Stadium,12 April 2016
726,Quinton de Kock,108,22,15,3,RCB,M. Chinnaswamy Stadium,17 April 2016
727,Krunal Pandya,86,22,7,6,DC,ACA-VDCA Stadium,15 May 2016
728,David Warner,59,23,7,3,PBKS,Rajiv Gandhi Intl. Cricket Stadium,23 April 2016
729,David Warner,69,24,8,3,RCB,M. Chinnaswamy Stadium,29 May 2016
730,Robin Uthappa,53,24,9,0,PBKS,IS Bindra Stadium,19 April 2016
731,AB de Villiers,129,25,10,12,GL,M. Chinnaswamy Stadium,14 May 2016
732,AB de Villiers,83,25,6,4,RPS,Maharashtra Cricket Association's International Stadium,22 April 2016
733,Chris Gayle,76,25,4,8,SRH,M. Chinnaswamy Stadium,29 May 2016
734,Rishabh Pant,69,25,9,2,GL,Saurashtra Cricket Association Stadium,03 May 2016
735,AB de Villiers,55,25,9,1,DC,M. Chinnaswamy Stadium,17 April 2016
736,AB de Villiers,82,26,7,6,SRH,M. Chinnaswamy Stadium,12 April 2016
737,Chris Gayle,73,26,4,8,PBKS,M. Chinnaswamy Stadium,18 May 2016
738,Dwayne Smith,53,26,5,3,DC,Arun Jaitley Stadium,27 April 2016
739,Manish Pandey,52,26,3,3,MI,Eden Gardens,13 April 2016
740,KL Rahul,51,26,6,1,SRH,Rajiv Gandhi Intl. Cricket Stadium,30 April 2016
741,Yusuf Pathan,60,27,6,3,RCB,M. Chinnaswamy Stadium,02 May 2016
742,Brendon McCullum,60,27,6,3,DC,Arun Jaitley Stadium,27 April 2016
743,Quinton de Kock,52,27,6,2,PBKS,IS Bindra Stadium,07 May 2016
744,Dinesh Karthik,51,27,8,1,KKR,Eden Gardens,08 May 2016
745,Virat Kohli,113,28,12,8,PBKS,M. Chinnaswamy Stadium,18 May 2016
746,Nitish Rana,70,28,7,4,GL,Green Park,21 May 2016
747,Dwayne Smith,63,28,9,1,RPS,Maharashtra Cricket Association's International Stadium,29 April 2016
748,Shikhar Dhawan,51,28,4,3,KKR,Eden Gardens,22 May 2016
749,Steve Smith,101,29,8,5,GL,Maharashtra Cricket Association's International Stadium,29 April 2016
750,David Warner,74,29,9,0,GL,Saurashtra Cricket Association Stadium,21 April 2016
751,Glenn Maxwell,68,29,6,4,KKR,Eden Gardens,04 May 2016
752,AB de Villiers,59,29,5,3,KKR,Eden Gardens,16 May 2016
753,Wriddhiman Saha,52,29,7,0,DC,IS Bindra Stadium,07 May 2016
754,KL Rahul,52,29,6,2,KKR,M. Chinnaswamy Stadium,02 May 2016
755,Gurkeerat Mann Singh,51,29,3,3,RPS,ACA-VDCA Stadium,21 May 2016
756,Hashim Amla,96,30,14,2,SRH,IS Bindra Stadium,15 May 2016
757,AB de Villiers,64,30,5,2,PBKS,IS Bindra Stadium,09 May 2016
758,MS Dhoni,64,30,4,5,PBKS,ACA-VDCA Stadium,21 May 2016
759,Suresh Raina,58,30,8,2,MI,Green Park,21 May 2016
760,Yusuf Pathan,52,30,3,2,SRH,Eden Gardens,22 May 2016
761,Virat Kohli,108,31,8,7,RPS,M. Chinnaswamy Stadium,07 May 2016
762,Dwayne Smith,73,31,5,6,RCB,M. Chinnaswamy Stadium,24 May 2016
763,Ambati Rayudu,65,31,4,4,PBKS,IS Bindra Stadium,25 April 2016
764,Yusuf Pathan,63,31,7,1,GL,Eden Gardens,08 May 2016
765,Manan Vohra,51,31,7,0,RPS,IS Bindra Stadium,17 April 2016
766,Aaron Finch,50,31,7,2,SRH,Arun Jaitley Stadium,27 May 2016
767,David Warner,92,32,9,5,RCB,Rajiv Gandhi Intl. Cricket Stadium,30 April 2016
768,Aaron Finch,74,32,12,0,PBKS,IS Bindra Stadium,11 April 2016
769,Ajinkya Rahane,66,32,7,3,MI,Wankhede Stadium,09 April 2016
770,Virat Kohli,54,32,5,2,SRH,M. Chinnaswamy Stadium,29 May 2016
771,Gautam Gambhir,51,32,7,0,RCB,Eden Gardens,16 May 2016
772,AB de Villiers,79,33,5,5,GL,M. Chinnaswamy Stadium,24 May 2016
773,Faf du Plessis,69,33,5,4,GL,Saurashtra Cricket Association Stadium,14 April 2016
774,Glenn Maxwell,56,33,5,1,MI,IS Bindra Stadium,25 April 2016
775,Sam Billings,54,33,3,2,KKR,Arun Jaitley Stadium,30 April 2016
776,Suresh Raina,53,33,7,1,KKR,Green Park,19 May 2016
777,Aaron Finch,50,33,7,2,RPS,Saurashtra Cricket Association Stadium,14 April 2016
778,Suresh Raina,75,34,9,0,SRH,Saurashtra Cricket Association Stadium,21 April 2016
779,Ajinkya Rahane,74,34,8,2,RCB,M. Chinnaswamy Stadium,07 May 2016
780,KL Rahul,51,34,4,3,GL,Saurashtra Cricket Association Stadium,24 April 2016
781,Manish Pandey,50,34,5,2,RCB,Eden Gardens,16 May 2016
782,David Warner,93,35,11,3,GL,Arun Jaitley Stadium,27 May 2016
783,Murali Vijay,89,36,12,1,RCB,IS Bindra Stadium,09 May 2016
784,Virat Kohli,79,36,7,3,DC,M. Chinnaswamy Stadium,17 April 2016
785,Rohit Sharma,68,36,8,2,KKR,Wankhede Stadium,28 April 2016
786,Murali Vijay,59,36,4,3,RPS,ACA-VDCA Stadium,21 May 2016
787,Murali Vijay,55,36,6,0,GL,Saurashtra Cricket Association Stadium,01 May 2016
788,Karun Nair,54,36,6,1,RCB,M. Chinnaswamy Stadium,17 April 2016
789,Virat Kohli,75,37,5,3,KKR,Eden Gardens,16 May 2016
790,Ajinkya Rahane,60,37,8,0,RCB,Maharashtra Cricket Association's International Stadium,22 April 2016
791,Saurabh Tiwary,52,37,9,0,RCB,M. Chinnaswamy Stadium,07 May 2016
792,Kane Williamson,50,37,7,0,RCB,Rajiv Gandhi Intl. Cricket Stadium,30 April 2016
793,Rohit Sharma,85,38,8,3,RPS,Maharashtra Cricket Association's International Stadium,01 May 2016
794,Rohit Sharma,84,38,10,2,KKR,Eden Gardens,13 April 2016
795,Robin Uthappa,70,38,6,2,PBKS,Eden Gardens,04 May 2016
796,Ajinkya Rahane,63,38,7,0,DC,Arun Jaitley Stadium,05 May 2016
797,Rohit Sharma,62,38,4,3,RCB,Wankhede Stadium,20 April 2016
798,Quinton de Kock,59,38,9,1,PBKS,Arun Jaitley Stadium,15 April 2016
799,Wriddhiman Saha,56,38,6,1,MI,ACA-VDCA Stadium,13 May 2016
800,David Warner,52,38,5,1,PBKS,IS Bindra Stadium,15 May 2016
801,Virat Kohli,109,39,5,8,GL,M. Chinnaswamy Stadium,14 May 2016
802,Karun Nair,68,39,9,1,KKR,Arun Jaitley Stadium,30 April 2016
803,Gautam Gambhir,64,39,4,1,MI,Eden Gardens,13 April 2016
804,Suryakumar Yadav,60,39,6,2,RPS,Maharashtra Cricket Association's International Stadium,24 April 2016
805,Gautam Gambhir,59,39,6,1,MI,Wankhede Stadium,28 April 2016
806,Saurabh Tiwary,57,39,4,2,MI,Maharashtra Cricket Association's International Stadium,01 May 2016
807,Dinesh Karthik,50,39,3,0,RCB,Saurashtra Cricket Association Stadium,24 April 2016
808,Virat Kohli,100,40,11,1,GL,Saurashtra Cricket Association Stadium,24 April 2016
809,Virat Kohli,75,40,7,3,SRH,M. Chinnaswamy Stadium,12 April 2016
810,David Warner,73,40,8,1,DC,Shaheed Veer Narayan Singh International Cricket Stadium,20 May 2016
811,Sanju Samson,60,40,4,2,MI,Arun Jaitley Stadium,23 April 2016
812,Shaun Marsh,56,40,5,1,KKR,IS Bindra Stadium,19 April 2016
813,Virat Kohli,54,40,6,0,DC,Shaheed Veer Narayan Singh International Cricket Stadium,22 May 2016
814,Shikhar Dhawan,53,40,5,0,GL,Saurashtra Cricket Association Stadium,21 April 2016
815,Gautam Gambhir,90,41,13,1,SRH,Rajiv Gandhi Intl. Cricket Stadium,16 April 2016
816,Parthiv Patel,81,41,10,2,PBKS,IS Bindra Stadium,25 April 2016
817,Shakib Al Hasan,66,41,4,4,GL,Eden Gardens,08 May 2016
818,Rohit Sharma,65,41,7,1,DC,Arun Jaitley Stadium,23 April 2016
819,Eoin Morgan,51,41,3,2,KKR,Rajiv Gandhi Intl. Cricket Stadium,16 April 2016
820,David Warner,90,42,7,4,MI,Rajiv Gandhi Intl. Cricket Stadium,18 April 2016
821,Karun Nair,83,42,8,3,SRH,Shaheed Veer Narayan Singh International Cricket Stadium,20 May 2016
822,KL Rahul,68,42,3,4,MI,M. Chinnaswamy Stadium,11 May 2016
823,Ajinkya Rahane,67,42,4,3,KKR,Maharashtra Cricket Association's International Stadium,24 April 2016
824,Faf du Plessis,67,42,8,0,PBKS,IS Bindra Stadium,17 April 2016
825,Gautam Gambhir,54,42,6,1,PBKS,Eden Gardens,04 May 2016
826,Dinesh Karthik,53,42,5,0,DC,Saurashtra Cricket Association Stadium,03 May 2016
827,Virat Kohli,52,42,4,0,KKR,M. Chinnaswamy Stadium,02 May 2016
828,Marcus Stoinis,52,42,3,2,DC,IS Bindra Stadium,07 May 2016
829,Aaron Finch,51,42,3,1,SRH,Rajiv Gandhi Intl. Cricket Stadium,06 May 2016
830,Shikhar Dhawan,82,43,10,1,MI,ACA-VDCA Stadium,08 May 2016
831,Robin Uthappa,72,43,6,2,DC,Arun Jaitley Stadium,30 April 2016
832,Quinton de Kock,60,43,5,1,RCB,Shaheed Veer Narayan Singh International Cricket Stadium,22 May 2016
833,Ambati Rayudu,54,43,3,2,SRH,Rajiv Gandhi Intl. Cricket Stadium,18 April 2016
834,Ajinkya Rahane,53,43,5,0,GL,Maharashtra Cricket Association's International Stadium,29 April 2016
835,Aaron Finch,67,46,7,1,MI,Wankhede Stadium,16 April 2016
836,Virat Kohli,80,47,7,2,RPS,Maharashtra Cricket Association's International Stadium,22 April 2016
837,Shikhar Dhawan,56,48,2,1,RPS,Rajiv Gandhi Intl. Cricket Stadium,26 April 2016
838,Murali Vijay,54,48,5,1,MI,ACA-VDCA Stadium,13 May 2016
839,Murali Vijay,53,48,5,2,RPS,IS Bindra Stadium,17 April 2016
840,Sunil Narine,54,15,6,4,RCB,M. Chinnaswamy Stadium,07 May 2017
841,Chris Lynn,93,19,6,8,GL,Saurashtra Cricket Association Stadium,07 April 2017
842,David Warner,126,20,10,8,KKR,Rajiv Gandhi Intl. Cricket Stadium,30 April 2017
843,Chris Lynn,50,21,5,4,RCB,M. Chinnaswamy Stadium,07 May 2017
844,Aaron Finch,72,22,5,6,RCB,M. Chinnaswamy Stadium,27 April 2017
845,Rahul Tripathi,93,23,9,7,KKR,Eden Gardens,03 May 2017
846,Chris Gayle,77,23,5,7,GL,Saurashtra Cricket Association Stadium,18 April 2017
847,Yuvraj Singh,62,23,7,3,RCB,Rajiv Gandhi Intl. Cricket Stadium,05 April 2017
848,Jos Buttler,77,24,7,5,PBKS,Holkar Cricket Stadium,20 April 2017
849,Sanju Samson,61,24,0,7,GL,Arun Jaitley Stadium,04 May 2017
850,Robin Uthappa,59,24,5,4,DC,Eden Gardens,28 April 2017
851,Kieron Pollard,50,24,1,5,PBKS,Wankhede Stadium,11 May 2017
852,Robin Uthappa,53,25,4,4,SRH,Rajiv Gandhi Intl. Cricket Stadium,30 April 2017
853,David Warner,51,25,4,4,PBKS,IS Bindra Stadium,28 April 2017
854,Robin Uthappa,87,26,7,6,RPS,Maharashtra Cricket Association's International Stadium,26 April 2017
855,Kedar Jadhav,69,26,5,5,DC,M. Chinnaswamy Stadium,08 April 2017
856,Moises Henriques,55,26,6,2,RPS,Maharashtra Cricket Association's International Stadium,22 April 2017
857,Kane Williamson,54,26,4,2,PBKS,IS Bindra Stadium,28 April 2017
858,Rishabh Pant,97,27,6,9,GL,Arun Jaitley Stadium,04 May 2017
859,Robin Uthappa,68,27,5,4,SRH,Eden Gardens,15 April 2017
860,Ishan Kishan,61,27,5,4,SRH,Green Park,13 May 2017
861,Ajinkya Rahane,60,27,6,3,MI,Maharashtra Cricket Association's International Stadium,06 April 2017
862,Lendl Simmons,59,27,5,4,PBKS,Wankhede Stadium,11 May 2017
863,Martin Guptill,50,27,6,3,DC,IS Bindra Stadium,30 April 2017
864,Dwayne Smith,74,28,8,4,PBKS,IS Bindra Stadium,07 May 2017
865,Dinesh Karthik,65,28,5,5,DC,Arun Jaitley Stadium,04 May 2017
866,Nitish Rana,50,28,5,3,KKR,Wankhede Stadium,09 April 2017
867,Chris Lynn,84,29,8,3,PBKS,IS Bindra Stadium,09 May 2017
868,Kieron Pollard,63,29,5,4,DC,Arun Jaitley Stadium,06 May 2017
869,Nitish Rana,62,29,0,7,PBKS,Holkar Cricket Stadium,20 April 2017
870,MS Dhoni,61,29,5,3,SRH,Maharashtra Cricket Association's International Stadium,22 April 2017
871,Brendon McCullum,72,30,2,7,RCB,Saurashtra Cricket Association Stadium,18 April 2017
872,Hashim Amla,65,30,9,2,GL,Saurashtra Cricket Association Stadium,23 April 2017
873,Ben Stokes,50,30,2,3,PBKS,Holkar Cricket Stadium,08 April 2017
874,Wriddhiman Saha,93,31,11,3,MI,Wankhede Stadium,11 May 2017
875,Shikhar Dhawan,77,31,9,1,PBKS,IS Bindra Stadium,28 April 2017
876,David Warner,76,31,6,4,GL,Rajiv Gandhi Intl. Cricket Stadium,09 April 2017
877,Dwayne Smith,54,31,7,2,SRH,Green Park,13 May 2017
878,Shreyas Iyer,50,31,5,2,SRH,Rajiv Gandhi Intl. Cricket Stadium,19 April 2017
879,Suresh Raina,84,32,9,4,KKR,Eden Gardens,21 April 2017
880,Suresh Raina,77,32,5,4,DC,Arun Jaitley Stadium,04 May 2017
881,Parthiv Patel,70,32,9,1,GL,Saurashtra Cricket Association Stadium,29 April 2017
882,Aaron Finch,69,32,6,4,DC,Green Park,10 May 2017
883,Ambati Rayudu,63,32,6,3,KKR,Eden Gardens,13 May 2017
884,Sanju Samson,60,32,4,3,KKR,Eden Gardens,28 April 2017
885,Rahul Tripathi,59,32,6,3,SRH,Maharashtra Cricket Association's International Stadium,22 April 2017
886,Hashim Amla,58,32,4,3,RCB,Holkar Cricket Stadium,10 April 2017
887,Nitish Rana,53,32,4,2,GL,Wankhede Stadium,16 April 2017
888,Shreyas Iyer,96,33,15,2,GL,Green Park,10 May 2017
889,Kane Williamson,89,33,6,5,DC,Rajiv Gandhi Intl. Cricket Stadium,19 April 2017
890,Gautam Gambhir,76,33,12,0,GL,Saurashtra Cricket Association Stadium,07 April 2017
891,Rohit Sharma,58,33,6,3,RPS,Wankhede Stadium,24 April 2017
892,Rishabh Pant,57,33,3,4,RCB,M. Chinnaswamy Stadium,08 April 2017
893,Hashim Amla,104,34,8,6,MI,Holkar Cricket Stadium,20 April 2017
894,AB de Villiers,89,34,3,9,PBKS,Holkar Cricket Stadium,10 April 2017
895,Gautam Gambhir,72,34,11,0,PBKS,Eden Gardens,13 April 2017
896,Yuvraj Singh,70,34,11,1,DC,Arun Jaitley Stadium,02 May 2017
897,Rohit Sharma,67,34,6,2,SRH,Rajiv Gandhi Intl. Cricket Stadium,08 May 2017
898,Yusuf Pathan,59,34,6,2,DC,Arun Jaitley Stadium,17 April 2017
899,Rohit Sharma,56,34,6,1,RCB,Wankhede Stadium,01 May 2017
900,Moises Henriques,52,34,3,2,RCB,Rajiv Gandhi Intl. Cricket Stadium,05 April 2017
901,Hashim Amla,104,35,8,5,GL,IS Bindra Stadium,07 May 2017
902,Manan Vohra,95,35,9,5,SRH,Rajiv Gandhi Intl. Cricket Stadium,17 April 2017
903,Robin Uthappa,72,35,8,2,GL,Eden Gardens,21 April 2017
904,Vijay Shankar,63,35,9,0,GL,Green Park,13 May 2017
905,Gautam Gambhir,62,35,6,1,RPS,Maharashtra Cricket Association's International Stadium,26 April 2017
906,Dinesh Karthik,58,35,6,0,PBKS,Saurashtra Cricket Association Stadium,23 April 2017
907,Steve Smith,51,35,4,1,KKR,Maharashtra Cricket Association's International Stadium,26 April 2017
908,Shaun Marsh,84,36,14,2,SRH,IS Bindra Stadium,28 April 2017
909,Brendon McCullum,64,36,6,3,MI,Wankhede Stadium,16 April 2017
910,Shikhar Dhawan,62,36,4,2,MI,Rajiv Gandhi Intl. Cricket Stadium,08 May 2017
911,Sam Billings,55,36,9,0,PBKS,Arun Jaitley Stadium,15 April 2017
912,Steve Smith,84,37,7,3,MI,Maharashtra Cricket Association's International Stadium,06 April 2017
913,Manish Pandey,81,37,5,5,MI,Wankhede Stadium,09 April 2017
914,Manish Pandey,69,37,4,3,DC,Arun Jaitley Stadium,17 April 2017
915,Lendl Simmons,66,37,5,4,DC,Arun Jaitley Stadium,06 May 2017
916,Karun Nair,64,37,9,0,RPS,Arun Jaitley Stadium,12 May 2017
917,Shaun Marsh,58,37,6,0,GL,IS Bindra Stadium,07 May 2017
918,Parthiv Patel,52,37,3,3,RPS,Wankhede Stadium,16 May 2017
919,Ben Stokes,103,38,7,6,GL,Maharashtra Cricket Association's International Stadium,01 May 2017
920,Moises Henriques,52,38,6,0,GL,Rajiv Gandhi Intl. Cricket Stadium,09 April 2017
921,Gautam Gambhir,71,39,11,0,DC,Eden Gardens,28 April 2017
922,Virat Kohli,62,39,5,2,MI,M. Chinnaswamy Stadium,14 April 2017
923,Virat Kohli,58,39,3,3,DC,Arun Jaitley Stadium,14 May 2017
924,Ajinkya Rahane,56,39,5,1,MI,Wankhede Stadium,16 May 2017
925,Shikhar Dhawan,70,40,7,1,DC,Rajiv Gandhi Intl. Cricket Stadium,19 April 2017
926,Manoj Tiwary,60,40,5,3,DC,Arun Jaitley Stadium,12 May 2017
927,Chris Morris,52,40,5,1,MI,Wankhede Stadium,22 April 2017
928,Sanju Samson,102,41,8,5,RPS,Maharashtra Cricket Association's International Stadium,11 April 2017
929,Travis Head,75,41,3,5,KKR,M. Chinnaswamy Stadium,07 May 2017
930,Kieron Pollard,70,41,3,5,RCB,M. Chinnaswamy Stadium,14 April 2017
931,David Warner,69,41,9,0,GL,Green Park,13 May 2017
932,Suresh Raina,68,41,7,0,KKR,Saurashtra Cricket Association Stadium,07 April 2017
933,Mandeep Singh,52,41,4,1,KKR,M. Chinnaswamy Stadium,07 May 2017
934,Virat Kohli,55,42,4,1,RPS,Maharashtra Cricket Association's International Stadium,29 April 2017
935,Saurabh Tiwary,52,42,9,0,KKR,Eden Gardens,13 May 2017
936,Virat Kohli,64,43,7,1,GL,Saurashtra Cricket Association Stadium,18 April 2017
937,David Warner,70,45,7,2,PBKS,Rajiv Gandhi Intl. Cricket Stadium,17 April 2017
938,Manoj Tiwary,58,45,4,2,MI,Wankhede Stadium,16 May 2017
939,Steve Smith,51,49,2,2,MI,Rajiv Gandhi Intl. Cricket Stadium,21 May 2017
940,KL Rahul,51,14,6,4,DC,IS Bindra Stadium,08 April 2018
941,Ishan Kishan,62,17,5,6,KKR,Eden Gardens,09 May 2018
942,Sunil Narine,50,17,4,5,RCB,Eden Gardens,08 April 2018
943,Jos Buttler,67,18,4,7,DC,Arun Jaitley Stadium,02 May 2018
944,Sam Billings,56,21,2,5,KKR,Chidambaram,10 April 2018
945,KL Rahul,66,22,2,7,KKR,Holkar Cricket Stadium,12 May 2018
946,Chris Gayle,63,22,7,4,CSK,IS Bindra Stadium,15 April 2018
947,MS Dhoni,51,22,2,5,DC,Maharashtra Cricket Association's International Stadium,30 April 2018
948,Kieron Pollard,50,22,5,3,PBKS,Wankhede Stadium,16 May 2018
949,Dinesh Karthik,50,22,5,3,PBKS,Holkar Cricket Stadium,12 May 2018
950,Rishabh Pant,69,23,7,5,RR,Arun Jaitley Stadium,02 May 2018
951,AB de Villiers,68,23,2,8,CSK,M. Chinnaswamy Stadium,25 April 2018
952,AB de Villiers,90,24,10,5,DC,M. Chinnaswamy Stadium,21 April 2018
953,KL Rahul,60,24,9,2,KKR,Eden Gardens,21 April 2018
954,Shane Watson,78,25,4,7,DC,Maharashtra Cricket Association's International Stadium,30 April 2018
955,Dwayne Bravo,68,25,3,7,MI,Wankhede Stadium,07 April 2018
956,Moeen Ali,65,25,2,6,SRH,M. Chinnaswamy Stadium,17 May 2018
957,Prithvi Shaw,65,25,6,3,SRH,Rajiv Gandhi Intl. Cricket Stadium,05 May 2018
958,Karun Nair,54,25,3,5,CSK,Maharashtra Cricket Association's International Stadium,20 May 2018
959,Jos Buttler,95,26,11,2,CSK,Sawai Mansingh Stadium,11 May 2018
960,Andre Russell,88,26,1,11,CSK,Chidambaram,10 April 2018
961,Sunil Narine,75,26,9,4,PBKS,Holkar Cricket Stadium,12 May 2018
962,Virat Kohli,70,26,7,3,DC,Arun Jaitley Stadium,12 May 2018
963,Virat Kohli,57,26,7,2,RR,M. Chinnaswamy Stadium,15 April 2018
964,Jason Roy,91,27,6,6,MI,Wankhede Stadium,14 April 2018
965,Jos Buttler,82,27,9,1,PBKS,Sawai Mansingh Stadium,08 May 2018
966,Ambati Rayudu,79,27,9,4,SRH,Rajiv Gandhi Intl. Cricket Stadium,22 April 2018
967,Rishabh Pant,61,27,5,4,RCB,Arun Jaitley Stadium,12 May 2018
968,Shane Watson,106,28,9,6,RR,Maharashtra Cricket Association's International Stadium,20 April 2018
969,Kane Williamson,81,28,7,5,RCB,M. Chinnaswamy Stadium,17 May 2018
970,AB de Villiers,72,28,4,6,DC,Arun Jaitley Stadium,12 May 2018
971,Chris Gayle,62,28,5,6,KKR,Eden Gardens,21 April 2018
972,Vijay Shankar,54,28,1,5,CSK,Maharashtra Cricket Association's International Stadium,30 April 2018
973,Ambati Rayudu,50,28,4,4,DC,Arun Jaitley Stadium,18 May 2018
974,Shreyas Iyer,93,29,3,10,KKR,Arun Jaitley Stadium,27 April 2018
975,Suryakumar Yadav,72,29,6,3,RR,Sawai Mansingh Stadium,22 April 2018
976,MS Dhoni,70,29,1,7,RCB,M. Chinnaswamy Stadium,25 April 2018
977,Suryakumar Yadav,53,29,7,1,DC,Wankhede Stadium,14 April 2018
978,Shreyas Iyer,52,29,4,3,RCB,M. Chinnaswamy Stadium,21 April 2018
979,Shikhar Dhawan,92,30,9,4,DC,Arun Jaitley Stadium,10 May 2018
980,Chris Lynn,74,30,6,4,PBKS,Eden Gardens,21 April 2018
981,Manish Pandey,62,30,7,2,RCB,M. Chinnaswamy Stadium,17 May 2018
982,Nitish Rana,59,30,5,4,DC,Eden Gardens,16 April 2018
983,Ambati Rayudu,100,31,7,7,SRH,Maharashtra Cricket Association's International Stadium,13 May 2018
984,Suryakumar Yadav,59,31,7,2,KKR,Wankhede Stadium,06 May 2018
985,Shane Watson,57,31,5,3,SRH,Maharashtra Cricket Association's International Stadium,13 May 2018
986,Rohit Sharma,56,31,6,2,CSK,Maharashtra Cricket Association's International Stadium,28 April 2018
987,AB de Villiers,53,31,7,0,RR,Sawai Mansingh Stadium,19 May 2018
988,Karun Nair,50,31,5,2,DC,IS Bindra Stadium,08 April 2018
989,Rohit Sharma,94,32,10,5,RCB,Wankhede Stadium,17 April 2018
990,AB de Villiers,69,32,12,1,SRH,M. Chinnaswamy Stadium,17 May 2018
991,Evin Lewis,65,32,6,5,RCB,Wankhede Stadium,17 April 2018
992,Kane Williamson,63,32,7,2,RR,Sawai Mansingh Stadium,29 April 2018
993,Shubman Gill,57,32,6,2,CSK,Eden Gardens,03 May 2018
994,Robin Uthappa,54,32,6,3,MI,Wankhede Stadium,06 May 2018
995,Suresh Raina,52,32,6,1,RR,Sawai Mansingh Stadium,11 May 2018
996,Shane Watson,117,33,11,8,SRH,Wankhede Stadium,27 May 2018
997,Shikhar Dhawan,78,33,13,1,RR,Rajiv Gandhi Intl. Cricket Stadium,09 April 2018
998,Sanju Samson,92,34,2,10,RCB,M. Chinnaswamy Stadium,15 April 2018
999,Rishabh Pant,85,34,6,7,RCB,M. Chinnaswamy Stadium,21 April 2018
1000,MS Dhoni,79,34,6,5,PBKS,IS Bindra Stadium,15 April 2018
1001,Rishabh Pant,79,34,7,4,CSK,Maharashtra Cricket Association's International Stadium,30 April 2018
1002,Rishabh Pant,64,34,4,4,MI,Arun Jaitley Stadium,20 May 2018
1003,Suryakumar Yadav,57,34,6,3,PBKS,Holkar Cricket Stadium,04 May 2018
1004,Shreyas Iyer,50,34,3,3,RR,Arun Jaitley Stadium,02 May 2018
1005,Jos Buttler,94,35,9,5,MI,Wankhede Stadium,13 May 2018
1006,Kane Williamson,84,35,6,5,CSK,Rajiv Gandhi Intl. Cricket Stadium,22 April 2018
1007,Suresh Raina,75,35,6,4,MI,Maharashtra Cricket Association's International Stadium,28 April 2018
1008,Ishan Kishan,58,35,4,3,RR,Sawai Mansingh Stadium,22 April 2018
1009,Kane Williamson,56,35,5,2,RCB,Rajiv Gandhi Intl. Cricket Stadium,07 May 2018
1010,Quinton de Kock,53,35,1,4,CSK,M. Chinnaswamy Stadium,25 April 2018
1011,Dinesh Karthik,52,35,4,2,RR,Eden Gardens,23 May 2018
1012,Rishabh Pant,128,36,15,7,SRH,Arun Jaitley Stadium,10 May 2018
1013,KL Rahul,94,36,10,3,MI,Wankhede Stadium,16 May 2018
1014,AB de Villiers,57,36,2,4,PBKS,M. Chinnaswamy Stadium,13 April 2018
1015,Gautam Gambhir,55,36,5,1,PBKS,IS Bindra Stadium,08 April 2018
1016,Chris Lynn,55,36,4,3,SRH,Rajiv Gandhi Intl. Cricket Stadium,19 May 2018
1017,Sanju Samson,52,36,4,0,MI,Sawai Mansingh Stadium,22 April 2018
1018,Virat Kohli,68,37,5,3,KKR,M. Chinnaswamy Stadium,29 April 2018
1019,Faf du Plessis,67,37,5,4,SRH,Wankhede Stadium,22 May 2018
1020,Evin Lewis,60,37,4,4,RR,Wankhede Stadium,13 May 2018
1021,Manish Pandey,57,37,3,1,PBKS,IS Bindra Stadium,19 April 2018
1022,Parthiv Patel,53,37,5,2,CSK,Maharashtra Cricket Association's International Stadium,05 May 2018
1023,Jos Buttler,51,37,7,0,PBKS,Holkar Cricket Stadium,06 May 2018
1024,Kane Williamson,51,37,5,2,CSK,Maharashtra Cricket Association's International Stadium,13 May 2018
1025,Sanju Samson,50,37,4,2,KKR,Eden Gardens,23 May 2018
1026,Kane Williamson,83,38,8,2,DC,Arun Jaitley Stadium,10 May 2018
1027,Rahul Tripathi,80,38,5,3,RCB,Sawai Mansingh Stadium,19 May 2018
1028,Shikhar Dhawan,79,38,10,3,CSK,Maharashtra Cricket Association's International Stadium,13 May 2018
1029,Prithvi Shaw,62,38,7,2,KKR,Arun Jaitley Stadium,27 April 2018
1030,Chris Gayle,50,38,6,2,MI,Holkar Cricket Stadium,04 May 2018
1031,Shikhar Dhawan,50,38,5,1,KKR,Rajiv Gandhi Intl. Cricket Stadium,19 May 2018
1032,Chris Gayle,104,39,1,11,SRH,IS Bindra Stadium,19 April 2018
1033,Kane Williamson,54,39,3,2,PBKS,IS Bindra Stadium,19 April 2018
1034,Suresh Raina,54,39,5,2,SRH,Rajiv Gandhi Intl. Cricket Stadium,22 April 2018
1035,Ambati Rayudu,82,40,3,8,RCB,M. Chinnaswamy Stadium,25 April 2018
1036,Virat Kohli,92,41,7,4,MI,Wankhede Stadium,17 April 2018
1037,Shreyas Iyer,57,41,5,1,PBKS,Arun Jaitley Stadium,23 April 2018
1038,Hardik Pandya,50,41,5,1,RCB,M. Chinnaswamy Stadium,01 May 2018
1039,Ajinkya Rahane,65,42,5,1,SRH,Sawai Mansingh Stadium,29 April 2018
1040,Chris Lynn,62,42,7,1,RCB,M. Chinnaswamy Stadium,29 April 2018
1041,Kane Williamson,50,43,4,1,KKR,Eden Gardens,14 April 2018
1042,KL Rahul,84,44,7,3,RR,Holkar Cricket Stadium,06 May 2018
1043,Suresh Raina,61,45,4,2,PBKS,Maharashtra Cricket Association's International Stadium,20 May 2018
1044,KL Rahul,95,48,11,2,RR,Sawai Mansingh Stadium,08 May 2018
1045,Manish Pandey,54,48,3,1,PBKS,Rajiv Gandhi Intl. Cricket Stadium,26 April 2018
1046,Hardik Pandya,91,17,6,9,KKR,Eden Gardens,28 April 2019
1047,Rishabh Pant,78,18,7,7,MI,Wankhede Stadium,24 March 2019
1048,KL Rahul,71,19,7,5,CSK,IS Bindra Stadium,05 May 2019
1049,Andre Russell,65,21,2,9,RCB,Eden Gardens,19 April 2019
1050,Kieron Pollard,83,22,3,10,PBKS,Wankhede Stadium,10 April 2019
1051,Andre Russell,62,23,4,6,DC,Arun Jaitley Stadium,30 March 2019
1052,Sam Curran,55,23,7,2,KKR,IS Bindra Stadium,03 May 2019
1053,Moeen Ali,66,24,5,6,KKR,Eden Gardens,19 April 2019
1054,David Warner,50,24,10,0,CSK,Rajiv Gandhi Intl. Cricket Stadium,17 April 2019
1055,Manish Pandey,83,25,7,3,CSK,Chidambaram,23 April 2019
1056,Chris Gayle,69,25,6,5,DC,Arun Jaitley Stadium,20 April 2019
1057,Shikhar Dhawan,54,25,8,2,RR,Sawai Mansingh Stadium,22 April 2019
1058,Rishabh Pant,78,26,6,4,RR,Sawai Mansingh Stadium,22 April 2019
1059,David Warner,69,26,9,2,RR,Rajiv Gandhi Intl. Cricket Stadium,29 March 2019
1060,Manish Pandey,61,27,9,0,RR,Sawai Mansingh Stadium,27 April 2019
1061,Chris Lynn,54,27,8,2,MI,Eden Gardens,28 April 2019
1062,Jonny Bairstow,114,28,12,7,RCB,Rajiv Gandhi Intl. Cricket Stadium,31 March 2019
1063,Chris Gayle,99,28,10,5,RCB,IS Bindra Stadium,13 April 2019
1064,Jonny Bairstow,80,28,7,4,KKR,Rajiv Gandhi Intl. Cricket Stadium,21 April 2019
1065,David Warner,67,28,3,5,KKR,Rajiv Gandhi Intl. Cricket Stadium,21 April 2019
1066,AB de Villiers,63,28,5,4,KKR,M. Chinnaswamy Stadium,05 April 2019
1067,Nitish Rana,63,28,2,7,PBKS,Eden Gardens,27 March 2019
1068,Mayank Agarwal,58,28,6,1,KKR,Eden Gardens,27 March 2019
1069,Jos Buttler,89,29,8,7,MI,Wankhede Stadium,13 April 2019
1070,Jos Buttler,69,29,10,2,PBKS,Sawai Mansingh Stadium,25 March 2019
1071,Parthiv Patel,67,29,9,1,RR,Sawai Mansingh Stadium,02 April 2019
1072,Prithvi Shaw,99,30,12,3,KKR,Arun Jaitley Stadium,30 March 2019
1073,Andre Russell,80,30,6,8,MI,Eden Gardens,28 April 2019
1074,David Warner,85,31,9,3,KKR,Eden Gardens,24 March 2019
1075,Virat Kohli,84,31,9,2,KKR,M. Chinnaswamy Stadium,05 April 2019
1076,AB de Villiers,70,31,4,6,MI,M. Chinnaswamy Stadium,28 March 2019
1077,Chris Gayle,63,31,3,7,MI,Wankhede Stadium,10 April 2019
1078,Prithvi Shaw,56,31,6,2,SRH,ACA-VDCA Stadium,08 May 2019
1079,Shane Watson,50,31,3,4,DC,ACA-VDCA Stadium,10 May 2019
1080,Chris Lynn,50,31,6,3,RR,Sawai Mansingh Stadium,07 April 2019
1081,Moeen Ali,50,31,1,5,MI,Wankhede Stadium,15 April 2019
1082,Steve Smith,50,31,8,0,DC,Sawai Mansingh Stadium,22 April 2019
1083,Ajinkya Rahane,105,32,11,3,DC,Sawai Mansingh Stadium,22 April 2019
1084,David Warner,100,32,5,5,RCB,Rajiv Gandhi Intl. Cricket Stadium,31 March 2019
1085,Shikhar Dhawan,97,32,11,2,KKR,Eden Gardens,12 April 2019
1086,Shubman Gill,76,32,6,4,MI,Eden Gardens,28 April 2019
1087,Shimron Hetmyer,75,32,4,6,SRH,M. Chinnaswamy Stadium,04 May 2019
1088,Nitish Rana,85,33,9,5,RCB,Eden Gardens,19 April 2019
1089,Chris Gayle,79,33,8,4,RR,Sawai Mansingh Stadium,25 March 2019
1090,Faf du Plessis,54,33,2,4,PBKS,Chidambaram,06 April 2019
1091,Yuvraj Singh,53,33,5,3,DC,Wankhede Stadium,24 March 2019
1092,Sanju Samson,102,34,10,4,SRH,Rajiv Gandhi Intl. Cricket Stadium,29 March 2019
1093,Quinton de Kock,81,34,6,4,RR,Wankhede Stadium,13 April 2019
1094,KL Rahul,71,34,7,1,SRH,IS Bindra Stadium,08 April 2019
1095,Quinton de Kock,65,34,6,2,RR,Sawai Mansingh Stadium,20 April 2019
1096,Shubman Gill,65,34,7,2,DC,Eden Gardens,12 April 2019
1097,Suresh Raina,59,34,8,1,DC,Chidambaram,01 May 2019
1098,Suresh Raina,53,34,5,2,PBKS,IS Bindra Stadium,05 May 2019
1099,Shreyas Iyer,52,34,2,3,RCB,Arun Jaitley Stadium,28 April 2019
1100,Dinesh Karthik,97,35,7,9,RR,Eden Gardens,25 April 2019
1101,Shane Watson,96,35,9,6,SRH,Chidambaram,23 April 2019
1102,MS Dhoni,84,35,5,7,RCB,M. Chinnaswamy Stadium,21 April 2019
1103,AB de Villiers,82,35,3,7,PBKS,M. Chinnaswamy Stadium,24 April 2019
1104,Nitish Rana,68,35,8,3,SRH,Eden Gardens,24 March 2019
1105,Quinton de Kock,60,35,6,2,PBKS,IS Bindra Stadium,30 March 2019
1106,AB de Villiers,59,35,5,2,PBKS,IS Bindra Stadium,13 April 2019
1107,Dinesh Karthik,50,35,5,2,DC,Arun Jaitley Stadium,30 March 2019
1108,Chris Lynn,82,36,7,6,CSK,Eden Gardens,14 April 2019
1109,Shubman Gill,65,36,5,2,PBKS,IS Bindra Stadium,03 May 2019
1110,David Miller,59,36,5,3,KKR,Eden Gardens,27 March 2019
1111,Suresh Raina,58,36,7,1,KKR,Eden Gardens,14 April 2019
1112,Shikhar Dhawan,56,36,7,1,PBKS,Arun Jaitley Stadium,20 April 2019
1113,Parthiv Patel,53,36,2,4,CSK,M. Chinnaswamy Stadium,21 April 2019
1114,Shikhar Dhawan,50,36,5,2,RCB,Arun Jaitley Stadium,28 April 2019
1115,Faf du Plessis,96,37,10,4,PBKS,IS Bindra Stadium,05 May 2019
1116,Suryakumar Yadav,71,37,10,0,CSK,Chidambaram,07 May 2019
1117,Manish Pandey,71,37,8,2,MI,Wankhede Stadium,02 May 2019
1118,Shreyas Iyer,67,37,8,2,RCB,M. Chinnaswamy Stadium,07 April 2019
1119,Rohit Sharma,67,37,6,3,CSK,Chidambaram,26 April 2019
1120,Virat Kohli,67,37,8,0,PBKS,IS Bindra Stadium,13 April 2019
1121,Faf du Plessis,50,37,7,1,DC,ACA-VDCA Stadium,10 May 2019
1122,David Warner,81,38,7,2,PBKS,Rajiv Gandhi Intl. Cricket Stadium,29 April 2019
1123,KL Rahul,79,38,4,5,SRH,Rajiv Gandhi Intl. Cricket Stadium,29 April 2019
1124,Kane Williamson,70,38,5,4,RCB,M. Chinnaswamy Stadium,04 May 2019
1125,Ajinkya Rahane,70,38,4,3,SRH,Rajiv Gandhi Intl. Cricket Stadium,29 March 2019
1126,Jos Buttler,59,38,8,1,RCB,Sawai Mansingh Stadium,02 April 2019
1127,Suryakumar Yadav,59,38,8,1,CSK,Wankhede Stadium,03 April 2019
1128,Rishabh Pant,53,38,2,5,RR,Arun Jaitley Stadium,04 May 2019
1129,MS Dhoni,75,39,4,4,RR,Chidambaram,31 March 2019
1130,Gurkeerat Mann Singh,65,39,8,1,SRH,M. Chinnaswamy Stadium,04 May 2019
1131,Jonny Bairstow,61,39,3,3,CSK,Rajiv Gandhi Intl. Cricket Stadium,17 April 2019
1132,MS Dhoni,58,39,2,3,RR,Sawai Mansingh Stadium,11 April 2019
1133,David Warner,57,39,3,2,CSK,Chidambaram,23 April 2019
1134,Virat Kohli,100,40,9,4,KKR,Eden Gardens,19 April 2019
1135,Steve Smith,59,40,5,1,MI,Sawai Mansingh Stadium,20 April 2019
1136,Mayank Agarwal,55,40,3,3,SRH,IS Bindra Stadium,08 April 2019
1137,KL Rahul,100,41,6,6,MI,Wankhede Stadium,10 April 2019
1138,AB de Villiers,75,41,6,4,MI,Wankhede Stadium,15 April 2019
1139,Robin Uthappa,67,41,6,2,PBKS,Eden Gardens,27 March 2019
1140,Ambati Rayudu,57,41,2,3,RR,Sawai Mansingh Stadium,11 April 2019
1141,KL Rahul,55,41,3,1,CSK,Chidambaram,06 April 2019
1142,Sarfaraz Khan,67,42,4,2,CSK,Chidambaram,06 April 2019
1143,Shane Watson,80,44,8,4,MI,Rajiv Gandhi Intl. Cricket Stadium,12 May 2019
1144,Steve Smith,73,44,7,1,KKR,Sawai Mansingh Stadium,07 April 2019
1145,Rohit Sharma,55,44,8,0,KKR,Wankhede Stadium,05 May 2019
1146,Rahul Tripathi,50,44,4,0,PBKS,IS Bindra Stadium,16 April 2019
1147,Andre Russell,50,44,5,3,CSK,Chidambaram,09 April 2019
1148,KL Rahul,71,45,6,1,MI,IS Bindra Stadium,30 March 2019
1149,Shreyas Iyer,58,45,5,1,PBKS,Arun Jaitley Stadium,20 April 2019
1150,KL Rahul,52,45,3,2,RR,IS Bindra Stadium,16 April 2019
1151,Chris Lynn,51,45,4,1,SRH,Rajiv Gandhi Intl. Cricket Stadium,21 April 2019
1152,Shikhar Dhawan,51,45,7,0,CSK,Arun Jaitley Stadium,26 March 2019
1153,Kedar Jadhav,58,46,8,1,MI,Wankhede Stadium,03 April 2019
1154,David Warner,51,46,3,1,DC,Rajiv Gandhi Intl. Cricket Stadium,14 April 2019
1155,Riyan Parag,50,47,4,2,DC,Arun Jaitley Stadium,04 May 2019
1156,Quinton de Kock,69,48,6,2,SRH,Wankhede Stadium,02 May 2019
1157,David Warner,70,49,6,1,PBKS,IS Bindra Stadium,08 April 2019
1158,Nicholas Pooran,77,17,5,7,SRH,Dubai International Stadium,08 October 2020
1159,Sanju Samson,74,19,1,9,CSK,Sharjah Cricket Stadium,22 September 2020
1160,Kieron Pollard,60,20,3,5,RCB,Dubai International Stadium,28 September 2020
1161,Hardik Pandya,60,20,2,7,RR,Zayed Cricket Stadium,25 October 2020
1162,Marcus Stoinis,53,20,7,3,PBKS,Dubai International Stadium,20 September 2020
1163,Dinesh Karthik,58,22,8,2,PBKS,Zayed Cricket Stadium,10 October 2020
1164,AB de Villiers,55,22,1,6,RR,Dubai International Stadium,17 October 2020
1165,AB de Villiers,73,23,5,6,KKR,Sharjah Cricket Stadium,12 October 2020
1166,AB de Villiers,55,23,4,4,MI,Dubai International Stadium,28 September 2020
1167,Priyam Garg,51,23,6,1,CSK,Dubai International Stadium,02 October 2020
1168,Sunil Narine,64,24,6,4,DC,Zayed Cricket Stadium,24 October 2020
1169,Marcus Stoinis,53,24,6,2,RCB,Dubai International Stadium,05 October 2020
1170,Ben Stokes,50,24,6,3,PBKS,Zayed Cricket Stadium,30 October 2020
1171,Quinton de Kock,78,25,9,3,KKR,Zayed Cricket Stadium,16 October 2020
1172,David Warner,66,25,8,2,DC,Dubai International Stadium,27 October 2020
1173,Chris Gayle,51,25,2,5,KKR,Sharjah Cricket Stadium,26 October 2020
1174,Mayank Agarwal,106,26,10,7,RR,Sharjah Cricket Stadium,27 September 2020
1175,Shreyas Iyer,88,26,7,6,KKR,Sharjah Cricket Stadium,03 October 2020
1176,Shikhar Dhawan,78,26,6,2,SRH,Zayed Cricket Stadium,08 November 2020
1177,Deepak Hooda,62,26,3,4,CSK,Zayed Cricket Stadium,01 November 2020
1178,Steve Smith,50,26,7,2,PBKS,Sharjah Cricket Stadium,27 September 2020
1179,Wriddhiman Saha,87,27,12,2,DC,Dubai International Stadium,27 October 2020
1180,Sanju Samson,85,27,4,7,PBKS,Sharjah Cricket Stadium,27 September 2020
1181,Sanju Samson,54,27,4,3,MI,Zayed Cricket Stadium,25 October 2020
1182,Nicholas Pooran,53,27,6,3,DC,Dubai International Stadium,20 October 2020
1183,Ben Stokes,107,28,14,3,MI,Zayed Cricket Stadium,25 October 2020
1184,Shikhar Dhawan,106,28,12,3,PBKS,Dubai International Stadium,20 October 2020
1185,Jonny Bairstow,97,28,7,6,PBKS,Dubai International Stadium,08 October 2020
1186,Manish Pandey,83,28,4,8,RR,Dubai International Stadium,22 October 2020
1187,Shikhar Dhawan,101,29,14,1,CSK,Sharjah Cricket Stadium,17 October 2020
1188,Suryakumar Yadav,79,29,10,3,RCB,Zayed Cricket Stadium,28 October 2020
1189,Faf du Plessis,72,29,1,7,RR,Sharjah Cricket Stadium,22 September 2020
1190,Ishan Kishan,68,29,6,5,CSK,Sharjah Cricket Stadium,23 October 2020
1191,AB de Villiers,51,29,4,2,SRH,Dubai International Stadium,21 September 2020
1192,Devdutt Padikkal,74,30,12,1,MI,Zayed Cricket Stadium,28 October 2020
1193,Eoin Morgan,68,30,5,6,RR,Dubai International Stadium,01 November 2020
1194,Shikhar Dhawan,57,30,6,2,RR,Dubai International Stadium,14 October 2020
1195,Steve Smith,57,30,6,1,RCB,Dubai International Stadium,17 October 2020
1196,Ishan Kishan,55,30,4,3,DC,Dubai International Stadium,05 November 2020
1197,Rahul Tewatia,53,30,0,7,PBKS,Sharjah Cricket Stadium,27 September 2020
1198,Suryakumar Yadav,53,30,6,1,DC,Zayed Cricket Stadium,11 October 2020
1199,Shane Watson,83,31,11,3,PBKS,Dubai International Stadium,04 October 2020
1200,Rahul Tripathi,81,31,8,3,CSK,Zayed Cricket Stadium,07 October 2020
1201,Aaron Finch,52,31,7,1,MI,Dubai International Stadium,28 September 2020
1202,Quinton de Kock,67,32,4,4,SRH,Sharjah Cricket Stadium,04 October 2020
1203,Nitish Rana,58,32,4,4,DC,Sharjah Cricket Stadium,03 October 2020
1204,Chris Gayle,99,33,6,8,RR,Zayed Cricket Stadium,30 October 2020
1205,Faf du Plessis,87,33,11,1,PBKS,Dubai International Stadium,04 October 2020
1206,Suryakumar Yadav,79,33,11,2,RR,Zayed Cricket Stadium,06 October 2020
1207,Ambati Rayudu,71,33,6,3,MI,Zayed Cricket Stadium,19 September 2020
1208,Mayank Agarwal,56,33,6,1,KKR,Zayed Cricket Stadium,10 October 2020
1209,Quinton de Kock,53,33,4,3,DC,Zayed Cricket Stadium,11 October 2020
1210,Jos Buttler,70,34,4,5,MI,Zayed Cricket Stadium,06 October 2020
1211,Devdutt Padikkal,63,34,6,1,RR,Zayed Cricket Stadium,03 October 2020
1212,David Warner,60,34,5,2,MI,Sharjah Cricket Stadium,04 October 2020
1213,Wriddhiman Saha,58,34,7,1,MI,Sharjah Cricket Stadium,03 November 2020
1214,Ravindra Jadeja,50,34,5,2,SRH,Dubai International Stadium,02 October 2020
1215,David Warner,85,35,10,1,MI,Sharjah Cricket Stadium,03 November 2020
1216,Nitish Rana,81,35,13,1,DC,Zayed Cricket Stadium,24 October 2020
1217,KL Rahul,77,35,7,3,MI,Dubai International Stadium,18 October 2020
1218,KL Rahul,69,35,7,1,RR,Sharjah Cricket Stadium,27 September 2020
1219,Steve Smith,69,35,4,4,CSK,Sharjah Cricket Stadium,22 September 2020
1220,Kane Williamson,67,35,5,4,DC,Zayed Cricket Stadium,08 November 2020
1221,Prithvi Shaw,66,35,4,4,KKR,Sharjah Cricket Stadium,03 October 2020
1222,Prithvi Shaw,64,35,9,1,CSK,Dubai International Stadium,25 September 2020
1223,Rishabh Pant,56,35,4,2,MI,Dubai International Stadium,10 November 2020
1224,Tom Curran,54,35,2,3,KKR,Dubai International Stadium,30 September 2020
1225,Pat Cummins,53,35,5,2,MI,Zayed Cricket Stadium,16 October 2020
1226,Manish Pandey,51,35,3,2,KKR,Zayed Cricket Stadium,26 September 2020
1227,KL Rahul,132,36,14,7,RCB,Dubai International Stadium,24 September 2020
1228,Rohit Sharma,68,36,5,4,DC,Dubai International Stadium,10 November 2020
1229,Marcus Stoinis,65,36,6,3,MI,Dubai International Stadium,05 November 2020
1230,Shubman Gill,57,36,3,4,PBKS,Sharjah Cricket Stadium,26 October 2020
1231,Kane Williamson,57,36,7,0,CSK,Dubai International Stadium,13 October 2020
1232,Devdutt Padikkal,56,36,8,0,SRH,Dubai International Stadium,21 September 2020
1233,Chris Gayle,53,36,1,5,RCB,Sharjah Cricket Stadium,15 October 2020
1234,Suryakumar Yadav,51,36,6,2,DC,Dubai International Stadium,05 November 2020
1235,Ishan Kishan,72,37,8,3,DC,Dubai International Stadium,31 October 2020
1236,Ruturaj Gaikwad,72,37,6,2,KKR,Dubai International Stadium,29 October 2020
1237,Jos Buttler,70,37,7,2,CSK,Zayed Cricket Stadium,19 October 2020
1238,Jonny Bairstow,61,37,6,2,RCB,Dubai International Stadium,21 September 2020
1239,KL Rahul,61,37,1,5,RCB,Sharjah Cricket Stadium,15 October 2020
1240,Ajinkya Rahane,60,37,5,1,RCB,Zayed Cricket Stadium,02 November 2020
1241,Shikhar Dhawan,54,37,6,0,RCB,Zayed Cricket Stadium,02 November 2020
1242,Devdutt Padikkal,54,37,5,2,MI,Dubai International Stadium,28 September 2020
1243,David Warner,52,37,5,1,PBKS,Dubai International Stadium,08 October 2020
1244,Ruturaj Gaikwad,62,38,6,1,PBKS,Zayed Cricket Stadium,01 November 2020
1245,Ishan Kishan,99,39,2,9,RCB,Dubai International Stadium,28 September 2020
1246,Virat Kohli,90,39,4,4,CSK,Dubai International Stadium,10 October 2020
1247,Rohit Sharma,80,39,3,6,KKR,Zayed Cricket Stadium,23 September 2020
1248,Shikhar Dhawan,69,39,6,1,MI,Zayed Cricket Stadium,11 October 2020
1249,Faf du Plessis,58,39,6,2,DC,Sharjah Cricket Stadium,17 October 2020
1250,AB de Villiers,56,39,5,0,SRH,Zayed Cricket Stadium,06 November 2020
1251,Quinton de Kock,53,39,3,3,PBKS,Dubai International Stadium,18 October 2020
1252,Shane Watson,50,39,6,1,KKR,Zayed Cricket Stadium,07 October 2020
1253,Rohit Sharma,70,40,8,3,PBKS,Zayed Cricket Stadium,01 October 2020
1254,Shreyas Iyer,65,40,6,2,MI,Dubai International Stadium,10 November 2020
1255,Manish Pandey,54,40,2,3,RR,Dubai International Stadium,11 October 2020
1256,Shreyas Iyer,53,40,3,2,RR,Dubai International Stadium,14 October 2020
1257,Devdutt Padikkal,50,40,5,0,DC,Zayed Cricket Stadium,02 November 2020
1258,Virat Kohli,72,41,7,2,RR,Zayed Cricket Stadium,03 October 2020
1259,KL Rahul,74,42,6,0,KKR,Zayed Cricket Stadium,10 October 2020
1260,Shubman Gill,70,42,5,2,SRH,Zayed Cricket Stadium,26 September 2020
1261,Ruturaj Gaikwad,65,42,4,3,RCB,Dubai International Stadium,25 October 2020
1262,Faf du Plessis,58,42,6,0,MI,Zayed Cricket Stadium,19 September 2020
1263,Shubman Gill,57,42,5,0,PBKS,Zayed Cricket Stadium,10 October 2020
1264,Virat Kohli,50,42,1,1,CSK,Dubai International Stadium,25 October 2020
1265,Nitish Rana,87,44,10,4,CSK,Dubai International Stadium,29 October 2020
1266,Jonny Bairstow,53,44,2,1,DC,Zayed Cricket Stadium,29 September 2020
1267,Kane Williamson,50,44,2,2,RCB,Zayed Cricket Stadium,06 November 2020
1268,Mayank Agarwal,89,45,7,4,DC,Dubai International Stadium,20 September 2020
1269,KL Rahul,63,46,7,1,CSK,Dubai International Stadium,04 October 2020
1270,Sam Curran,52,46,4,2,MI,Sharjah Cricket Stadium,23 October 2020
1271,Mandeep Singh,66,49,8,2,KKR,Sharjah Cricket Stadium,26 October 2020
1272,Vijay Shankar,52,51,6,0,RR,Dubai International Stadium,22 October 2020
1273,Ishan Kishan,84,16,11,4,SRH,Zayed Cricket Stadium,08 October 2021
1274,Kieron Pollard,87,17,6,8,CSK,Arun Jaitley Stadium,01 May 2021
1275,Prithvi Shaw,82,18,11,3,KKR,Narendra Modi Stadium,29 April 2021
1276,Yashasvi Jaiswal,50,19,6,3,CSK,Zayed Cricket Stadium,02 October 2021
1277,Ambati Rayudu,72,20,4,7,MI,Arun Jaitley Stadium,01 May 2021
1278,Deepak Hooda,64,20,4,6,RR,Wankhede Stadium,12 April 2021
1279,Andre Russell,54,21,3,6,CSK,Wankhede Stadium,21 April 2021
1280,Pat Cummins,66,23,4,6,CSK,Wankhede Stadium,21 April 2021
1281,Shimron Hetmyer,53,23,2,4,RCB,Narendra Modi Stadium,27 April 2021
1282,Suryakumar Yadav,82,24,13,3,SRH,Zayed Cricket Stadium,08 October 2021
1283,KL Rahul,98,25,7,8,CSK,Dubai International Stadium,07 October 2021
1284,Mayank Agarwal,69,25,7,4,DC,Wankhede Stadium,18 April 2021
1285,Ravindra Jadeja,62,25,4,5,RCB,Wankhede Stadium,25 April 2021
1286,Venkatesh Iyer,53,25,4,3,MI,Zayed Cricket Stadium,23 September 2021
1287,Ishan Kishan,50,25,5,3,RR,Sharjah Cricket Stadium,05 October 2021
1288,Devdutt Padikkal,101,27,11,6,RR,Wankhede Stadium,22 April 2021
1289,AB de Villiers,76,27,9,3,KKR,Chidambaram,18 April 2021
1290,Prithvi Shaw,72,27,9,3,CSK,Wankhede Stadium,10 April 2021
1291,Prithvi Shaw,60,27,7,3,CSK,Dubai International Stadium,10 October 2021
1292,Faf du Plessis,50,27,2,4,MI,Arun Jaitley Stadium,01 May 2021
1293,Glenn Maxwell,78,28,9,3,KKR,Chidambaram,18 April 2021
1294,Rahul Tripathi,53,28,5,2,SRH,Chidambaram,11 April 2021
1295,Rahul Tripathi,74,29,8,3,MI,Zayed Cricket Stadium,23 September 2021
1296,Glenn Maxwell,57,29,3,4,PBKS,Sharjah Cricket Stadium,03 October 2021
1297,KL Rahul,91,30,7,5,RR,Wankhede Stadium,12 April 2021
1298,Manish Pandey,69,30,7,2,MI,Zayed Cricket Stadium,08 October 2021
1299,Rishabh Pant,51,30,9,0,RR,Wankhede Stadium,15 April 2021
1300,Glenn Maxwell,50,30,6,1,RR,Dubai International Stadium,29 September 2021
1301,Shikhar Dhawan,92,31,13,2,PBKS,Wankhede Stadium,18 April 2021
1302,Shivam Dube,64,31,4,4,CSK,Zayed Cricket Stadium,02 October 2021
1303,Evin Lewis,58,31,5,3,RCB,Dubai International Stadium,29 September 2021
1304,David Warner,54,31,7,1,RCB,Chidambaram,14 April 2021
1305,Venkatesh Iyer,50,31,5,3,CSK,Dubai International Stadium,15 October 2021
1306,Faf du Plessis,56,32,6,1,SRH,Arun Jaitley Stadium,28 April 2021
1307,Jonny Bairstow,55,32,5,3,KKR,Chidambaram,11 April 2021
1308,Suresh Raina,54,32,3,4,DC,Wankhede Stadium,10 April 2021
1309,Glenn Maxwell,51,32,8,0,DC,Dubai International Stadium,08 October 2021
1310,Sanju Samson,119,33,12,7,PBKS,Wankhede Stadium,12 April 2021
1311,Ruturaj Gaikwad,64,33,6,4,KKR,Wankhede Stadium,21 April 2021
1312,Moeen Ali,58,33,5,5,MI,Arun Jaitley Stadium,01 May 2021
1313,Glenn Maxwell,56,33,6,3,MI,Dubai International Stadium,26 September 2021
1314,Suryakumar Yadav,56,33,7,2,KKR,Chidambaram,13 April 2021
1315,Virat Kohli,72,34,6,3,RR,Wankhede Stadium,22 April 2021
1316,Mayank Agarwal,67,34,7,2,RR,Dubai International Stadium,21 September 2021
1317,Faf du Plessis,95,35,9,4,KKR,Wankhede Stadium,21 April 2021
1318,KL Rahul,91,35,7,5,RCB,Narendra Modi Stadium,30 April 2021
1319,Faf du Plessis,86,35,7,3,KKR,Dubai International Stadium,15 October 2021
1320,Shikhar Dhawan,85,35,10,2,CSK,Wankhede Stadium,10 April 2021
1321,AB de Villiers,75,35,3,5,DC,Narendra Modi Stadium,27 April 2021
1322,Quinton de Kock,70,35,6,2,RR,Arun Jaitley Stadium,29 April 2021
1323,Devdutt Padikkal,70,35,5,3,CSK,Sharjah Cricket Stadium,24 September 2021
1324,Shikhar Dhawan,69,35,6,2,PBKS,Narendra Modi Stadium,02 May 2021
1325,Robin Uthappa,63,35,7,2,DC,Dubai International Stadium,10 October 2021
1326,Manish Pandey,61,35,5,1,CSK,Arun Jaitley Stadium,28 April 2021
1327,Prithvi Shaw,53,35,7,1,SRH,Chidambaram,25 April 2021
1328,Rishabh Pant,51,35,3,2,CSK,Dubai International Stadium,10 October 2021
1329,Ruturaj Gaikwad,75,36,12,0,SRH,Arun Jaitley Stadium,28 April 2021
1330,Jason Roy,60,36,8,1,RR,Dubai International Stadium,27 September 2021
1331,Mayank Agarwal,57,36,6,2,RCB,Sharjah Cricket Stadium,03 October 2021
1332,Virat Kohli,53,36,6,1,CSK,Sharjah Cricket Stadium,24 September 2021
1333,Mayank Agarwal,99,37,8,4,DC,Narendra Modi Stadium,02 May 2021
1334,Nitish Rana,80,37,9,4,SRH,Chidambaram,11 April 2021
1335,K.S Bharat,78,37,3,4,DC,Dubai International Stadium,08 October 2021
1336,Ruturaj Gaikwad,70,37,5,2,DC,Dubai International Stadium,10 October 2021
1337,Manish Pandey,61,37,2,3,KKR,Chidambaram,11 April 2021
1338,Quinton de Kock,55,37,4,3,KKR,Zayed Cricket Stadium,23 September 2021
1339,Glenn Maxwell,59,38,5,3,SRH,Chidambaram,14 April 2021
1340,Venkatesh Iyer,55,38,4,3,DC,Sharjah Cricket Stadium,13 October 2021
1341,Jos Buttler,124,39,11,8,SRH,Arun Jaitley Stadium,02 May 2021
1342,Sanju Samson,70,39,8,1,DC,Zayed Cricket Stadium,25 September 2021
1343,Venkatesh Iyer,67,39,9,1,PBKS,Dubai International Stadium,01 October 2021
1344,Rohit Sharma,63,40,5,2,PBKS,Chidambaram,23 April 2021
1345,David Miller,62,40,7,2,DC,Wankhede Stadium,15 April 2021
1346,Nitish Rana,57,40,6,2,MI,Chidambaram,13 April 2021
1347,Shubman Gill,56,40,4,2,RR,Sharjah Cricket Stadium,07 October 2021
1348,Ambati Rayudu,55,40,5,2,DC,Dubai International Stadium,04 October 2021
1349,Virat Kohli,51,40,3,3,MI,Dubai International Stadium,26 September 2021
1350,Shubman Gill,51,40,6,0,CSK,Dubai International Stadium,15 October 2021
1351,Saurabh Tiwary,50,40,5,0,CSK,Dubai International Stadium,19 September 2021
1352,Faf du Plessis,50,40,5,1,RCB,Wankhede Stadium,25 April 2021
1353,Ruturaj Gaikwad,88,41,9,4,MI,Dubai International Stadium,19 September 2021
1354,Sanju Samson,82,41,7,3,SRH,Dubai International Stadium,27 September 2021
1355,Kane Williamson,51,41,5,1,RR,Dubai International Stadium,27 September 2021
1356,Kane Williamson,66,42,8,0,DC,Chidambaram,25 April 2021
1357,Ruturaj Gaikwad,101,43,9,5,RR,Zayed Cricket Stadium,02 October 2021
1358,KL Rahul,67,43,4,2,KKR,Dubai International Stadium,01 October 2021
1359,Shubman Gill,57,44,10,0,SRH,Dubai International Stadium,03 October 2021
1360,KL Rahul,61,45,7,2,DC,Wankhede Stadium,18 April 2021
1361,Faf du Plessis,76,46,8,2,PBKS,Dubai International Stadium,07 October 2021
1362,Rishabh Pant,58,46,6,0,RCB,Narendra Modi Stadium,27 April 2021
1363,Jonny Bairstow,63,48,3,3,PBKS,Chidambaram,21 April 2021
1364,KL Rahul,60,50,3,3,MI,Chidambaram,23 April 2021
1365,David Warner,57,50,3,2,CSK,Arun Jaitley Stadium,28 April 2021
