POS,Player,Ov,Runs,Wkts,Maid,Dots,SR,Against,Venue,Match Date
1,Rashid Khan,4,7,3,0,17,8,DC,Dubai International Stadium,27 October 2020
2,Jasprit Bumrah,4,14,4,1,17,6,DC,Dubai International Stadium,05 November 2020
3,Trent Boult,4,18,4,1,17,6,CSK,Sharjah Cricket Stadium,23 October 2020
4,Deepak Chahar,4,18,2,1,17,12,RR,Zayed Cricket Stadium,19 October 2020
5,Mohammed Siraj,4,8,3,2,16,8,KKR,Zayed Cricket Stadium,21 October 2020
6,T Natarajan,4,11,1,0,16,24,RCB,Sharjah Cricket Stadium,31 October 2020
7,Rashid Khan,4,12,0,0,16,0,CSK,Dubai International Stadium,02 October 2020
8,Pat Cummins,4,17,3,0,16,8,DC,Zayed Cricket Stadium,24 October 2020
9,Navdeep Saini,4,18,0,0,16,0,CSK,Dubai International Stadium,10 October 2020
10,Trent Boult,4,21,3,0,16,8,DC,Dubai International Stadium,31 October 2020
11,Jofra Archer,4,21,2,0,16,12,SRH,Dubai International Stadium,22 October 2020
12,Jasprit Bumrah,4,14,3,1,15,8,RCB,Zayed Cricket Stadium,28 October 2020
13,Rashid Khan,4,14,2,0,15,12,PBKS,Dubai International Stadium,24 October 2020
14,Mohammad Shami,4,15,3,0,15,8,DC,Dubai International Stadium,20 September 2020
15,Chris Morris,4,16,0,1,15,0,KKR,Zayed Cricket Stadium,21 October 2020
16,Jasprit Bumrah,4,17,3,0,15,8,DC,Dubai International Stadium,31 October 2020
17,Jofra Archer,4,18,1,0,15,24,RCB,Zayed Cricket Stadium,03 October 2020
18,Jofra Archer,4,19,1,0,15,24,KKR,Dubai International Stadium,01 November 2020
19,Arshdeep Singh,4,25,1,1,15,24,KKR,Zayed Cricket Stadium,10 October 2020
20,Adam Zampa,4,12,1,0,14,24,SRH,Zayed Cricket Stadium,06 November 2020
21,Ravi Bishnoi,4,13,1,0,14,24,SRH,Dubai International Stadium,24 October 2020
22,Washington Sundar,4,14,1,1,14,24,KKR,Zayed Cricket Stadium,21 October 2020
23,Shivam Mavi,4,15,2,1,14,12,RR,Dubai International Stadium,01 November 2020
24,Lockie Ferguson,4,17,1,0,14,24,RCB,Zayed Cricket Stadium,21 October 2020
25,Jofra Archer,4,18,2,0,14,12,KKR,Dubai International Stadium,30 September 2020
26,Chris Morris,4,19,3,0,14,8,CSK,Dubai International Stadium,10 October 2020
27,Jofra Archer,4,19,3,0,14,8,DC,Dubai International Stadium,14 October 2020
28,Josh Hazlewood,4,19,1,0,14,24,RR,Zayed Cricket Stadium,19 October 2020
29,Jasprit Bumrah,4,20,4,0,14,6,RR,Zayed Cricket Stadium,06 October 2020
30,Sheldon Cottrell,4,20,1,1,14,24,MI,Zayed Cricket Stadium,01 October 2020
31,Navdeep Saini,4,21,0,0,14,0,PBKS,Sharjah Cricket Stadium,15 October 2020
32,Nathan Coulter-Nile,4,25,1,0,14,24,CSK,Sharjah Cricket Stadium,23 October 2020
33,Jofra Archer,4,25,1,0,14,24,SRH,Dubai International Stadium,11 October 2020
34,Mohammed Siraj,4,28,2,0,14,12,SRH,Zayed Cricket Stadium,06 November 2020
35,Jasprit Bumrah,4,32,2,0,14,12,KKR,Zayed Cricket Stadium,23 September 2020
36,Sandeep Sharma,4,34,3,0,14,8,MI,Sharjah Cricket Stadium,03 November 2020
37,Rashid Khan,4,12,3,1,13,8,PBKS,Dubai International Stadium,08 October 2020
38,Washington Sundar,4,12,1,0,13,24,MI,Dubai International Stadium,28 September 2020
39,Yuzvendra Chahal,4,12,1,0,13,24,KKR,Sharjah Cricket Stadium,12 October 2020
40,Rashid Khan,4,14,3,0,13,8,DC,Zayed Cricket Stadium,29 September 2020
41,Lockie Ferguson,4,15,3,0,13,8,SRH,Zayed Cricket Stadium,18 October 2020
42,Yuzvendra Chahal,4,15,2,0,13,12,KKR,Zayed Cricket Stadium,21 October 2020
43,Rahul Chahar,4,18,2,0,13,12,KKR,Zayed Cricket Stadium,16 October 2020
44,Jasprit Bumrah,4,18,2,0,13,12,PBKS,Zayed Cricket Stadium,01 October 2020
45,Sandeep Sharma,4,19,2,0,13,12,CSK,Dubai International Stadium,13 October 2020
46,Varun Chakaravarthy,4,20,2,0,13,12,CSK,Dubai International Stadium,29 October 2020
47,Shivam Mavi,4,20,2,0,13,12,RR,Dubai International Stadium,30 September 2020
48,Vijay Shankar,4,20,1,0,13,24,KKR,Zayed Cricket Stadium,18 October 2020
49,Rahul Chahar,4,22,2,0,13,12,CSK,Sharjah Cricket Stadium,23 October 2020
50,Anrich Nortje,4,22,2,0,13,12,RCB,Dubai International Stadium,05 October 2020
51,Sheldon Cottrell,4,24,2,0,13,12,DC,Dubai International Stadium,20 September 2020
52,Rashid Khan,4,24,1,0,13,24,RCB,Sharjah Cricket Stadium,31 October 2020
53,James Pattinson,4,25,2,0,13,12,KKR,Zayed Cricket Stadium,23 September 2020
54,Bhuvneshwar Kumar,4,25,2,0,13,12,DC,Zayed Cricket Stadium,29 September 2020
55,Jasprit Bumrah,4,25,2,0,13,12,CSK,Sharjah Cricket Stadium,23 October 2020
56,Anrich Nortje,4,25,1,0,13,24,RR,Sharjah Cricket Stadium,09 October 2020
57,Jofra Archer,4,26,2,0,13,12,PBKS,Zayed Cricket Stadium,30 October 2020
58,Jofra Archer,4,26,1,0,13,24,CSK,Sharjah Cricket Stadium,22 September 2020
59,Murugan Ashwin,4,27,1,0,13,24,KKR,Sharjah Cricket Stadium,26 October 2020
60,Kagiso Rabada,4,28,2,0,13,12,MI,Zayed Cricket Stadium,11 October 2020
61,Shardul Thakur,4,28,2,0,13,12,KKR,Zayed Cricket Stadium,07 October 2020
62,Pat Cummins,4,28,1,0,13,24,SRH,Zayed Cricket Stadium,18 October 2020
63,Trent Boult,4,30,2,1,13,12,KKR,Zayed Cricket Stadium,23 September 2020
64,Pat Cummins,4,31,0,0,13,0,PBKS,Sharjah Cricket Stadium,26 October 2020
65,Pat Cummins,4,34,4,0,13,6,RR,Dubai International Stadium,01 November 2020
66,Mohammad Shami,4,35,3,0,13,8,KKR,Sharjah Cricket Stadium,26 October 2020
67,Shreyas Gopal,4,14,1,0,12,24,CSK,Zayed Cricket Stadium,19 October 2020
68,Chris Jordan,4,17,3,0,12,8,SRH,Dubai International Stadium,24 October 2020
69,Pat Cummins,3,13,1,0,12,18,RR,Dubai International Stadium,30 September 2020
70,Anrich Nortje,4,21,2,0,12,12,CSK,Dubai International Stadium,25 September 2020
71,Jasprit Bumrah,4,22,1,0,12,24,KKR,Zayed Cricket Stadium,16 October 2020
72,Chris Morris,4,22,0,0,12,0,PBKS,Sharjah Cricket Stadium,15 October 2020
73,Sheldon Cottrell,3,17,2,0,12,9,RCB,Dubai International Stadium,24 September 2020
74,Jasprit Bumrah,4,24,3,0,12,8,PBKS,Dubai International Stadium,18 October 2020
75,Kamlesh Nagarkoti,4,24,1,0,12,24,RR,Dubai International Stadium,01 November 2020
76,Chris Morris,4,26,4,0,12,6,RR,Dubai International Stadium,17 October 2020
77,Trent Boult,4,26,2,0,12,12,RR,Zayed Cricket Stadium,06 October 2020
78,Murugan Ashwin,4,27,1,0,12,24,SRH,Dubai International Stadium,24 October 2020
79,Nathan Coulter-Nile,4,27,0,0,12,0,SRH,Sharjah Cricket Stadium,03 November 2020
80,Trent Boult,3.2,23,1,0,12,20,CSK,Zayed Cricket Stadium,19 September 2020
81,Mohammad Shami,4,28,2,0,12,12,DC,Dubai International Stadium,20 October 2020
82,Kagiso Rabada,4,29,4,0,12,6,SRH,Zayed Cricket Stadium,08 November 2020
83,Prasidh Krishna,4,29,3,0,12,8,PBKS,Zayed Cricket Stadium,10 October 2020
84,Mohammad Shami,4,29,0,0,12,0,CSK,Zayed Cricket Stadium,01 November 2020
85,Trent Boult,4,30,3,0,12,8,DC,Dubai International Stadium,10 November 2020
86,Mohammad Shami,4,30,2,0,12,12,MI,Dubai International Stadium,18 October 2020
87,Ravi Bishnoi,4,32,3,0,12,8,RCB,Dubai International Stadium,24 September 2020
88,Kagiso Rabada,4,33,1,1,12,24,CSK,Sharjah Cricket Stadium,17 October 2020
89,Ravi Bishnoi,4,34,0,0,12,0,RR,Sharjah Cricket Stadium,27 September 2020
90,Varun Aaron,4,47,0,0,12,0,PBKS,Zayed Cricket Stadium,30 October 2020
91,Axar Patel,4,14,1,0,11,24,PBKS,Dubai International Stadium,20 September 2020
92,Axar Patel,4,16,0,0,11,0,MI,Dubai International Stadium,10 November 2020
93,Yuzvendra Chahal,4,18,3,0,11,8,SRH,Dubai International Stadium,21 September 2020
94,Rahul Tewatia,4,18,1,0,11,24,CSK,Zayed Cricket Stadium,19 October 2020
95,Ravichandran Ashwin,4,18,0,0,11,0,MI,Dubai International Stadium,31 October 2020
96,Shahbaz Nadeem,4,19,2,0,11,12,MI,Sharjah Cricket Stadium,03 November 2020
97,Pat Cummins,4,19,1,0,11,24,SRH,Zayed Cricket Stadium,26 September 2020
98,Ravi Bishnoi,4,20,2,1,11,12,KKR,Sharjah Cricket Stadium,26 October 2020
99,Rahul Tewatia,4,20,1,0,11,24,DC,Sharjah Cricket Stadium,09 October 2020
100,Jofra Archer,4,20,1,0,11,24,CSK,Zayed Cricket Stadium,19 October 2020
101,Kagiso Rabada,4,21,2,0,11,12,SRH,Zayed Cricket Stadium,29 September 2020
102,Piyush Chawla,4,21,1,0,11,24,MI,Zayed Cricket Stadium,19 September 2020
103,Krunal Pandya,4,22,1,0,11,24,DC,Dubai International Stadium,05 November 2020
104,Rashid Khan,4,22,1,0,11,24,MI,Sharjah Cricket Stadium,04 October 2020
105,Rashid Khan,4,22,0,0,11,0,RCB,Zayed Cricket Stadium,06 November 2020
106,Krunal Pandya,4,23,0,0,11,0,KKR,Zayed Cricket Stadium,16 October 2020
107,Jofra Archer,4,24,3,0,11,8,DC,Sharjah Cricket Stadium,09 October 2020
108,Sam Curran,3,18,1,0,11,18,SRH,Dubai International Stadium,13 October 2020
109,Rahul Tewatia,4,25,3,0,11,8,KKR,Dubai International Stadium,01 November 2020
110,Chris Jordan,4,25,2,0,11,12,KKR,Sharjah Cricket Stadium,26 October 2020
111,Pat Cummins,4,25,0,0,11,0,CSK,Zayed Cricket Stadium,07 October 2020
112,Bhuvneshwar Kumar,4,25,0,0,11,0,RCB,Dubai International Stadium,21 September 2020
113,T Natarajan,3.5,24,2,0,11,11.5,PBKS,Dubai International Stadium,08 October 2020
114,Kagiso Rabada,4,26,3,0,11,8,CSK,Dubai International Stadium,25 September 2020
115,T Natarajan,4,26,2,0,11,12,DC,Dubai International Stadium,27 October 2020
116,Rahul Chahar,4,26,2,0,11,12,KKR,Zayed Cricket Stadium,23 September 2020
117,Sandeep Sharma,4,27,2,0,11,12,DC,Dubai International Stadium,27 October 2020
118,Trent Boult,4,28,2,0,11,12,SRH,Sharjah Cricket Stadium,04 October 2020
119,Shreyas Gopal,4,28,2,0,11,12,MI,Zayed Cricket Stadium,06 October 2020
120,Anrich Nortje,4,28,0,0,11,0,MI,Zayed Cricket Stadium,11 October 2020
121,Varun Chakaravarthy,4,28,0,0,11,0,RCB,Zayed Cricket Stadium,21 October 2020
122,Ravichandran Ashwin,4,29,3,0,11,8,MI,Dubai International Stadium,05 November 2020
123,Andre Russell,4,29,2,0,11,12,DC,Sharjah Cricket Stadium,03 October 2020
124,T Natarajan,4,29,0,0,11,0,MI,Sharjah Cricket Stadium,04 October 2020
125,Mohammad Shami,4,30,1,0,11,24,KKR,Zayed Cricket Stadium,10 October 2020
126,Navdeep Saini,3,23,1,0,11,18,KKR,Zayed Cricket Stadium,21 October 2020
127,Jofra Archer,4,31,2,0,11,12,MI,Zayed Cricket Stadium,25 October 2020
128,Deepak Chahar,4,31,2,0,11,12,SRH,Dubai International Stadium,02 October 2020
129,Anrich Nortje,4,33,3,0,11,8,RCB,Zayed Cricket Stadium,02 November 2020
130,Jason Holder,4,33,3,0,11,8,RR,Dubai International Stadium,22 October 2020
131,Anrich Nortje,4,33,3,0,11,8,KKR,Sharjah Cricket Stadium,03 October 2020
132,Anrich Nortje,4,33,0,0,11,0,PBKS,Dubai International Stadium,20 September 2020
133,Mohammed Siraj,4,34,2,0,11,12,DC,Dubai International Stadium,05 October 2020
134,Mohammad Shami,4,34,1,0,11,24,SRH,Dubai International Stadium,24 October 2020
135,Jofra Archer,4,34,1,0,11,24,MI,Zayed Cricket Stadium,06 October 2020
136,Deepak Chahar,4,34,0,0,11,0,MI,Sharjah Cricket Stadium,23 October 2020
137,Kartik Tyagi,4,35,1,0,11,24,CSK,Zayed Cricket Stadium,19 October 2020
138,Anrich Nortje,4,37,1,0,11,24,SRH,Dubai International Stadium,27 October 2020
139,Pat Cummins,4,38,0,0,11,0,RCB,Sharjah Cricket Stadium,12 October 2020
140,Lungi Ngidi,4,39,3,0,11,8,PBKS,Zayed Cricket Stadium,01 November 2020
141,Deepak Chahar,3,10,1,0,10,18,RCB,Dubai International Stadium,10 October 2020
142,Chris Morris,4,17,2,0,10,12,KKR,Sharjah Cricket Stadium,12 October 2020
143,Ravichandran Ashwin,4,17,1,0,10,24,RR,Dubai International Stadium,14 October 2020
144,Axar Patel,4,18,2,0,10,12,RCB,Dubai International Stadium,05 October 2020
145,Deepak Chahar,4,18,2,1,10,12,DC,Sharjah Cricket Stadium,17 October 2020
146,Ravichandran Ashwin,4,18,1,0,10,24,RCB,Zayed Cricket Stadium,02 November 2020
147,Axar Patel,4,18,1,0,10,24,CSK,Dubai International Stadium,25 September 2020
148,Mohammad Shami,3,14,1,0,10,18,RCB,Dubai International Stadium,24 September 2020
149,Washington Sundar,4,20,0,0,10,0,MI,Zayed Cricket Stadium,28 October 2020
150,Varun Chakaravarthy,4,23,1,0,10,24,MI,Zayed Cricket Stadium,16 October 2020