POS,Player,Runs,BF,SR,4s,6s,Against,Venue,Match Date
1,Moeen Ali,93,57,163.15,13,3,RR,Brabourne - CCI,20 May 2022
2,K L Rahul,103,62,166.12,12,4,MI,Wankhede Stadium,24 April 2022
3,Jos Buttler,89,56,158.92,12,2,GT,Eden Gardens,24 May 2022
4,David Warner,92,58,158.62,12,3,SRH,Brabourne - CCI,05 May 2022
5,Rajat Patidar,112,54,207.4,12,7,LSG,Eden Gardens,25 May 2022
6,Shubman Gill,96,59,162.71,11,1,PBKS,Brabourne - CCI,08 April 2022
7,Faf Du Plessis,96,64,150,11,2,LSG,DY Patil Stadium,19 April 2022
8,Ishan Kishan,81,48,168.75,11,2,DC,Brabourne - CCI,27 March 2022
9,Jos Buttler,100,68,147.05,11,5,MI,DY Patil Stadium,02 April 2022
10,Wriddhiman Saha,68,38,178.94,11,1,SRH,Wankhede Stadium,27 April 2022
11,Quinton De Kock,140,70,200,10,10,KKR,DY Patil Stadium,18 May 2022
12,Jos Buttler,106,60,176.66,10,6,RCB,Narendra Modi Stadium,27 May 2022
13,David Warner,60,30,200,10,1,PBKS,Brabourne - CCI,20 April 2022
14,Aaron Finch,58,28,207.14,9,2,RR,Brabourne - CCI,18 April 2022
15,Shikhar Dhawan,88,59,149.15,9,2,CSK,Wankhede Stadium,25 April 2022
16,K L Rahul,103,60,171.66,9,5,MI,Brabourne - CCI,16 April 2022
17,Prithvi Shaw,61,34,179.41,9,2,LSG,DY Patil Stadium,07 April 2022
18,Nitish Rana,42,22,190.9,9,0,LSG,DY Patil Stadium,18 May 2022
19,Quinton De Kock,61,45,135.55,9,0,CSK,Brabourne - CCI,31 March 2022
20,Quinton De Kock,80,52,153.84,9,2,DC,DY Patil Stadium,07 April 2022
21,Jos Buttler,103,61,168.85,9,5,KKR,Brabourne - CCI,18 April 2022
22,Jos Buttler,116,65,178.46,9,9,DC,Wankhede Stadium,22 April 2022
23,Rahul Tripathi,76,44,172.72,9,3,MI,Wankhede Stadium,17 May 2022
24,Yashasvi Jaiswal,68,41,165.85,9,2,PBKS,Wankhede Stadium,07 May 2022
25,Virat Kohli,73,54,135.18,8,2,GT,Wankhede Stadium,19 May 2022
26,Shikhar Dhawan,62,53,116.98,8,1,GT,DY Patil Stadium,03 May 2022
27,Hardik Pandya,87,52,167.3,8,4,RR,DY Patil Stadium,14 April 2022
28,Faf Du Plessis,73,50,146,8,2,SRH,Wankhede Stadium,08 May 2022
29,David Miller,94,51,184.31,8,6,CSK,Maharashtra Cricket Association Stadium,17 April 2022
30,Robin Uthappa,50,27,185.18,8,1,LSG,Brabourne - CCI,31 March 2022
31,Jos Buttler,54,24,225,8,3,GT,DY Patil Stadium,14 April 2022
32,Abhishek Sharma,47,28,167.85,8,1,RCB,Brabourne - CCI,23 April 2022
33,David Warner,42,26,161.53,8,0,KKR,Wankhede Stadium,28 April 2022
34,Jonny Bairstow,56,40,140,8,1,RR,Wankhede Stadium,07 May 2022
35,Wriddhiman Saha,67,57,117.54,8,1,CSK,Wankhede Stadium,15 May 2022
36,Yashasvi Jaiswal,59,44,134.09,8,1,CSK,Brabourne - CCI,20 May 2022
37,Devon Conway,85,55,154.54,8,4,SRH,Maharashtra Cricket Association Stadium,01 May 2022
38,Shreyas Iyer,85,51,166.66,7,4,RR,Brabourne - CCI,18 April 2022
39,Dinesh Karthik,44,23,191.3,7,1,RR,Wankhede Stadium,05 April 2022
40,Rishabh Pant,44,30,146.66,7,1,LSG,Wankhede Stadium,01 May 2022
41,Rishabh Pant,43,29,148.27,7,0,GT,Maharashtra Cricket Association Stadium,02 April 2022
42,Glenn Maxwell,55,34,161.76,7,2,DC,Wankhede Stadium,16 April 2022
43,Prithvi Shaw,41,20,205,7,1,PBKS,Brabourne - CCI,20 April 2022
44,Prithvi Shaw,51,29,175.86,7,2,KKR,Brabourne - CCI,10 April 2022
45,MS Dhoni,50,38,131.57,7,1,KKR,Wankhede Stadium,26 March 2022
46,Ambati Rayudu,78,39,200,7,6,PBKS,Wankhede Stadium,25 April 2022
47,Shubman Gill,63,49,128.57,7,0,LSG,Maharashtra Cricket Association Stadium,10 May 2022
48,Liam Livingstone,64,27,237.03,7,4,GT,Brabourne - CCI,08 April 2022
49,Sanju Samson,54,49,110.2,7,1,KKR,Wankhede Stadium,02 May 2022
50,Devdutt Padikkal,54,35,154.28,7,2,DC,Wankhede Stadium,22 April 2022
51,Devon Conway,87,49,177.55,7,5,DC,DY Patil Stadium,08 May 2022
52,Virat Kohli,58,53,109.43,6,1,GT,Brabourne - CCI,30 April 2022
53,Manish Pandey,38,29,131.03,6,0,MI,Brabourne - CCI,16 April 2022
54,K L Rahul,68,50,136,6,1,SRH,DY Patil Stadium,04 April 2022
55,Ajinkya Rahane,44,34,129.41,6,1,CSK,Wankhede Stadium,26 March 2022
56,Mayank Agarwal,52,32,162.5,6,2,MI,Maharashtra Cricket Association Stadium,13 April 2022
57,Shubman Gill,52,36,144.44,6,2,MI,Brabourne - CCI,06 May 2022
58,Shubman Gill,84,46,182.6,6,4,DC,Maharashtra Cricket Association Stadium,02 April 2022
59,Ruturaj Gaikwad,99,57,173.68,6,6,SRH,Maharashtra Cricket Association Stadium,01 May 2022
60,Nitish Rana,54,36,150,6,2,SRH,Brabourne - CCI,15 April 2022
61,Rinku Singh,42,23,182.6,6,1,RR,Wankhede Stadium,02 May 2022
62,Evin Lewis,55,23,239.13,6,3,CSK,Brabourne - CCI,31 March 2022
63,Rahul Tripathi,58,37,156.75,6,2,RCB,Wankhede Stadium,08 May 2022
64,Sanju Samson,32,24,133.33,6,0,LSG,Brabourne - CCI,15 May 2022
65,Devdutt Padikkal,48,30,160,6,2,DC,DY Patil Stadium,11 May 2022
66,Shivam Dube,57,30,190,6,3,PBKS,Brabourne - CCI,03 April 2022
67,Abhishek Sharma,42,32,131.25,6,0,GT,DY Patil Stadium,11 April 2022
68,Abhishek Sharma,65,42,154.76,6,3,GT,Wankhede Stadium,27 April 2022
69,David Warner,61,45,135.55,6,2,KKR,Brabourne - CCI,10 April 2022
70,Deepak Hooda,52,34,152.94,6,1,DC,Wankhede Stadium,01 May 2022
71,Deepak Hooda,55,41,134.14,6,2,GT,Wankhede Stadium,28 March 2022
72,Wriddhiman Saha,55,40,137.5,6,2,MI,Brabourne - CCI,06 May 2022
73,Aiden Markram,68,36,188.88,6,4,KKR,Brabourne - CCI,15 April 2022
74,Yashasvi Jaiswal,41,29,141.37,6,1,LSG,Brabourne - CCI,15 May 2022
75,Matthew Wade,35,30,116.66,6,0,RR,Eden Gardens,24 May 2022
76,Venkatesh Iyer,50,41,121.95,6,1,MI,Maharashtra Cricket Association Stadium,06 April 2022
77,Devon Conway,56,37,151.35,6,2,RCB,Maharashtra Cricket Association Stadium,04 May 2022
78,Dewald Brevis,31,13,238.46,6,1,LSG,Brabourne - CCI,16 April 2022
79,Virat Kohli,48,36,133.33,5,0,MI,Maharashtra Cricket Association Stadium,09 April 2022
80,Rohit Sharma,39,31,125.8,5,1,LSG,Wankhede Stadium,24 April 2022
81,Rohit Sharma,43,28,153.57,5,2,GT,Brabourne - CCI,06 May 2022
82,Shikhar Dhawan,70,50,140,5,3,MI,Maharashtra Cricket Association Stadium,13 April 2022
83,Shikhar Dhawan,43,29,148.27,5,1,RCB,DY Patil Stadium,27 March 2022
84,Shreyas Iyer,54,33,163.63,5,2,DC,Brabourne - CCI,10 April 2022
85,Shreyas Iyer,26,15,173.33,5,0,PBKS,Wankhede Stadium,01 April 2022
86,Dinesh Karthik,66,34,194.11,5,5,DC,Wankhede Stadium,16 April 2022
87,Dinesh Karthik,37,23,160.86,5,1,LSG,Eden Gardens,25 May 2022
88,Krunal Pandya,42,28,150,5,2,RCB,DY Patil Stadium,19 April 2022
89,Washington Sundar,40,14,285.71,5,2,RR,Maharashtra Cricket Association Stadium,29 March 2022
90,Glenn Maxwell,40,18,222.22,5,2,GT,Wankhede Stadium,19 May 2022
91,Mitchell Marsh,89,62,143.54,5,7,RR,DY Patil Stadium,11 May 2022
92,Prithvi Shaw,37,27,137.03,5,1,RR,Wankhede Stadium,22 April 2022
93,Hardik Pandya,33,28,117.85,5,1,LSG,Wankhede Stadium,28 March 2022
94,Hardik Pandya,40,27,148.14,5,0,RR,Eden Gardens,24 May 2022
95,Hardik Pandya,27,18,150,5,0,PBKS,Brabourne - CCI,08 April 2022
96,Shubman Gill,35,21,166.66,5,1,RR,Eden Gardens,24 May 2022
97,Faf Du Plessis,44,38,115.78,5,0,GT,Wankhede Stadium,19 May 2022
98,Faf Du Plessis,29,20,145,5,0,RR,Wankhede Stadium,05 April 2022
99,Ruturaj Gaikwad,73,48,152.08,5,5,GT,Maharashtra Cricket Association Stadium,17 April 2022
100,Rahul Tewatia,43,25,172,5,2,RCB,Brabourne - CCI,30 April 2022
101,Rahul Tewatia,40,24,166.66,5,2,LSG,Wankhede Stadium,28 March 2022
102,David Miller,31,14,221.42,5,1,RR,DY Patil Stadium,14 April 2022
103,Sarfaraz Khan,32,16,200,5,1,PBKS,DY Patil Stadium,16 May 2022
104,Ishan Kishan,54,43,125.58,5,1,RR,DY Patil Stadium,02 April 2022
105,Ishan Kishan,43,34,126.47,5,1,SRH,Wankhede Stadium,17 May 2022
106,Ishan Kishan,45,29,155.17,5,1,GT,Brabourne - CCI,06 May 2022
107,Ishan Kishan,51,43,118.6,5,1,KKR,DY Patil Stadium,09 May 2022
108,Suryakumar Yadav,68,37,183.78,5,6,RCB,Maharashtra Cricket Association Stadium,09 April 2022
109,Suryakumar Yadav,52,36,144.44,5,2,KKR,Maharashtra Cricket Association Stadium,06 April 2022
110,Suryakumar Yadav,51,39,130.76,5,2,RR,DY Patil Stadium,30 April 2022
111,Jos Buttler,39,35,111.42,5,0,GT,Narendra Modi Stadium,29 May 2022
112,Jos Buttler,30,16,187.5,5,1,PBKS,Wankhede Stadium,07 May 2022
113,Jos Buttler,67,52,128.84,5,4,MI,DY Patil Stadium,30 April 2022
114,Liam Livingstone,60,32,187.5,5,5,CSK,Brabourne - CCI,03 April 2022
115,Liam Livingstone,60,33,181.81,5,4,SRH,DY Patil Stadium,17 April 2022
116,Liam Livingstone,70,42,166.66,5,4,RCB,Brabourne - CCI,13 May 2022
117,Rahul Tripathi,39,15,260,5,2,CSK,DY Patil Stadium,09 April 2022
118,Rahul Tripathi,44,30,146.66,5,1,LSG,DY Patil Stadium,04 April 2022
119,Sanju Samson,47,26,180.76,5,3,GT,Eden Gardens,24 May 2022
120,Sanju Samson,46,19,242.1,5,3,DC,Wankhede Stadium,22 April 2022
121,Devdutt Padikkal,39,18,216.66,5,2,LSG,Brabourne - CCI,15 May 2022
122,Shivam Dube,95,46,206.52,5,8,RCB,DY Patil Stadium,12 April 2022
123,Shivam Dube,49,30,163.33,5,2,LSG,Brabourne - CCI,31 March 2022
124,Abhishek Sharma,43,32,134.37,5,2,PBKS,Wankhede Stadium,22 May 2022
125,Abhishek Sharma,39,24,162.5,5,1,CSK,Maharashtra Cricket Association Stadium,01 May 2022
126,Abhishek Sharma,75,50,150,5,3,CSK,DY Patil Stadium,09 April 2022
127,David Warner,28,14,200,5,1,RR,Wankhede Stadium,22 April 2022
128,David Warner,52,41,126.82,5,1,RR,DY Patil Stadium,11 May 2022
129,Deepak Hooda,59,39,151.28,5,2,RR,Brabourne - CCI,15 May 2022
130,Jonny Bairstow,23,15,153.33,5,0,SRH,Wankhede Stadium,22 May 2022
131,Jonny Bairstow,32,28,114.28,5,0,LSG,Maharashtra Cricket Association Stadium,29 April 2022
132,Aiden Markram,57,41,139.02,5,2,RR,Maharashtra Cricket Association Stadium,29 March 2022
133,Bhanuka Rajapaksa,40,28,142.85,5,1,GT,DY Patil Stadium,03 May 2022
134,Rajat Patidar,52,32,162.5,5,2,GT,Brabourne - CCI,30 April 2022
135,Suyash S Prabhudessai,34,18,188.88,5,1,CSK,DY Patil Stadium,12 April 2022
136,Abhinav Manohar,35,21,166.66,5,1,SRH,DY Patil Stadium,11 April 2022
137,Sai Sudharsan,65,50,130,5,1,PBKS,DY Patil Stadium,03 May 2022
138,Jitesh Sharma,32,23,139.13,5,0,DC,Brabourne - CCI,20 April 2022
139,Rohit Sharma,41,32,128.12,4,2,DC,Brabourne - CCI,27 March 2022
140,Rohit Sharma,26,15,173.33,4,1,RCB,Maharashtra Cricket Association Stadium,09 April 2022
141,Rohit Sharma,18,14,128.57,4,0,CSK,Wankhede Stadium,12 May 2022
142,Shikhar Dhawan,33,24,137.5,4,1,CSK,Brabourne - CCI,03 April 2022
143,Shikhar Dhawan,35,30,116.66,4,0,GT,Brabourne - CCI,08 April 2022
144,Shreyas Iyer,42,37,113.51,4,0,DC,Wankhede Stadium,28 April 2022
145,Shreyas Iyer,50,29,172.41,4,3,LSG,DY Patil Stadium,18 May 2022
146,Rishabh Pant,39,33,118.18,4,1,MI,Wankhede Stadium,21 May 2022
147,Rishabh Pant,21,11,190.9,4,0,CSK,DY Patil Stadium,08 May 2022
148,Rishabh Pant,44,24,183.33,4,2,RR,Wankhede Stadium,22 April 2022
149,K L Rahul,77,51,150.98,4,5,DC,Wankhede Stadium,01 May 2022
150,Pat Cummins,56,15,373.33,4,6,MI,Maharashtra Cricket Association Stadium,06 April 2022
151,Mitchell Marsh,63,48,131.25,4,3,PBKS,DY Patil Stadium,16 May 2022
152,Ravichandran Ashwin,17,9,188.88,4,0,RCB,Maharashtra Cricket Association Stadium,26 April 2022
153,Ravichandran Ashwin,50,38,131.57,4,2,DC,DY Patil Stadium,11 May 2022
154,Prithvi Shaw,38,24,158.33,4,2,MI,Brabourne - CCI,27 March 2022
155,Hardik Pandya,31,27,114.81,4,0,DC,Maharashtra Cricket Association Stadium,02 April 2022
156,Hardik Pandya,24,14,171.42,4,0,MI,Brabourne - CCI,06 May 2022
157,Hardik Pandya,62,47,131.91,4,3,RCB,Wankhede Stadium,19 May 2022
158,Hardik Pandya,50,42,119.04,4,1,SRH,DY Patil Stadium,11 April 2022
159,Hardik Pandya,67,49,136.73,4,2,KKR,DY Patil Stadium,23 April 2022
160,Mayank Agarwal,24,15,160,4,0,DC,Brabourne - CCI,20 April 2022
161,MS Dhoni,36,33,109.09,4,2,MI,Wankhede Stadium,12 May 2022
162,Ambati Rayudu,27,27,100,4,0,SRH,DY Patil Stadium,09 April 2022
163,Ambati Rayudu,46,31,148.38,4,2,GT,Maharashtra Cricket Association Stadium,17 April 2022
164,Tim Seifert,21,14,150,4,0,MI,Brabourne - CCI,27 March 2022
165,Faf Du Plessis,38,22,172.72,4,1,CSK,Maharashtra Cricket Association Stadium,04 May 2022
166,Ruturaj Gaikwad,30,27,111.11,4,0,PBKS,Wankhede Stadium,25 April 2022
167,Ruturaj Gaikwad,53,49,108.16,4,1,GT,Wankhede Stadium,15 May 2022
168,Ruturaj Gaikwad,41,33,124.24,4,1,DC,DY Patil Stadium,08 May 2022
169,Shardul Thakur,22,11,200,4,0,MI,Brabourne - CCI,27 March 2022
170,Kagiso Rabada,25,16,156.25,4,1,KKR,Wankhede Stadium,01 April 2022
171,Rahul Tewatia,40,21,190.47,4,2,SRH,Wankhede Stadium,27 April 2022
172,Rahul Tewatia,22,16,137.5,4,0,LSG,Maharashtra Cricket Association Stadium,10 May 2022
173,David Miller,39,24,162.5,4,1,RCB,Brabourne - CCI,30 April 2022
174,Mandeep Singh,18,16,112.5,4,0,GT,Maharashtra Cricket Association Stadium,02 April 2022
175,Andre Russell,49,25,196,4,4,SRH,Brabourne - CCI,15 April 2022
176,Rinku Singh,35,28,125,4,1,GT,DY Patil Stadium,23 April 2022
177,Robin Uthappa,88,50,176,4,9,RCB,DY Patil Stadium,12 April 2022
178,Ishan Kishan,26,18,144.44,4,1,RR,DY Patil Stadium,30 April 2022
179,Quinton De Kock,50,29,172.41,4,3,KKR,Maharashtra Cricket Association Stadium,07 May 2022
180,Quinton De Kock,46,37,124.32,4,2,PBKS,Maharashtra Cricket Association Stadium,29 April 2022
181,Quinton De Kock,24,13,184.61,4,1,MI,Brabourne - CCI,16 April 2022
182,Rahul Tripathi,34,22,154.54,4,1,PBKS,DY Patil Stadium,17 April 2022
183,Rahul Tripathi,71,37,191.89,4,6,KKR,Brabourne - CCI,15 April 2022
184,Sanju Samson,23,12,191.66,4,0,PBKS,Wankhede Stadium,07 May 2022
185,Devdutt Padikkal,41,29,141.37,4,2,SRH,Maharashtra Cricket Association Stadium,29 March 2022
186,Devdutt Padikkal,29,29,100,4,0,LSG,Wankhede Stadium,10 April 2022
187,Moeen Ali,35,22,159.09,4,2,LSG,Brabourne - CCI,31 March 2022
188,Shimron Hetmyer,42,31,135.48,4,2,RCB,Wankhede Stadium,05 April 2022
189,Abhishek Sharma,43,28,153.57,4,2,KKR,Maharashtra Cricket Association Stadium,14 May 2022
190,David Warner,66,38,173.68,4,5,RCB,Wankhede Stadium,16 April 2022
191,Deepak Hooda,41,27,151.85,4,2,KKR,Maharashtra Cricket Association Stadium,07 May 2022
192,Jonny Bairstow,28,15,186.66,4,1,DC,DY Patil Stadium,16 May 2022
193,Jonny Bairstow,66,29,227.58,4,7,RCB,Brabourne - CCI,13 May 2022
194,Wriddhiman Saha,31,22,140.9,4,1,RCB,Wankhede Stadium,19 May 2022
195,Wriddhiman Saha,29,22,131.81,4,0,RCB,Brabourne - CCI,30 April 2022
196,Aiden Markram,42,25,168,4,3,DC,Brabourne - CCI,05 May 2022
197,Aiden Markram,41,27,151.85,4,1,PBKS,DY Patil Stadium,17 April 2022
198,Shahbaz Ahmed,45,26,173.07,4,3,RR,Wankhede Stadium,05 April 2022
199,Shahbaz Ahmed,41,27,151.85,4,0,CSK,DY Patil Stadium,12 April 2022
200,Priyam Garg,42,26,161.53,4,2,MI,Wankhede Stadium,17 May 2022
201,Anuj Rawat,26,25,104,4,0,RR,Wankhede Stadium,05 April 2022
202,Lalit Yadav,48,38,126.31,4,2,MI,Brabourne - CCI,27 March 2022
203,Matthew Wade,30,29,103.44,4,0,LSG,Wankhede Stadium,28 March 2022
204,Rajat Patidar,58,42,138.09,4,3,RR,Narendra Modi Stadium,27 May 2022
205,Rajat Patidar,48,38,126.31,4,2,SRH,Wankhede Stadium,08 May 2022
206,Dewald Brevis,49,25,196,4,5,PBKS,Maharashtra Cricket Association Stadium,13 April 2022
207,Abhinav Manohar,43,28,153.57,4,2,RR,DY Patil Stadium,14 April 2022
208,Sai Sudharsan,35,30,116.66,4,1,PBKS,Brabourne - CCI,08 April 2022
209,Ayush Badoni,54,41,131.7,4,3,GT,Wankhede Stadium,28 March 2022
210,Tilak Varma,34,32,106.25,4,0,CSK,Wankhede Stadium,12 May 2022
211,Jitesh Sharma,38,18,211.11,4,2,RR,Wankhede Stadium,07 May 2022
212,Virat Kohli,30,33,90.9,3,1,CSK,Maharashtra Cricket Association Stadium,04 May 2022
213,Rohit Sharma,28,17,164.7,3,2,PBKS,Maharashtra Cricket Association Stadium,13 April 2022
214,Shikhar Dhawan,19,16,118.75,3,0,DC,DY Patil Stadium,16 May 2022
215,Shreyas Iyer,28,25,112,3,0,SRH,Brabourne - CCI,15 April 2022
216,Shreyas Iyer,34,32,106.25,3,1,RR,Wankhede Stadium,02 May 2022
217,Dinesh Karthik,32,14,228.57,3,3,PBKS,DY Patil Stadium,27 March 2022
218,Krunal Pandya,21,13,161.53,3,0,GT,Wankhede Stadium,28 March 2022
219,Rishabh Pant,34,17,200,3,2,RCB,Wankhede Stadium,16 April 2022
220,Rishabh Pant,39,36,108.33,3,2,LSG,DY Patil Stadium,07 April 2022
221,K L Rahul,68,51,133.33,3,4,KKR,DY Patil Stadium,18 May 2022
222,K L Rahul,79,58,136.2,3,5,RCB,Eden Gardens,25 May 2022
223,K L Rahul,30,24,125,3,1,RCB,DY Patil Stadium,19 April 2022
224,Washington Sundar,25,19,131.57,3,1,PBKS,Wankhede Stadium,22 May 2022
225,Glenn Maxwell,23,11,209.09,3,1,LSG,DY Patil Stadium,19 April 2022
226,Glenn Maxwell,33,24,137.5,3,2,SRH,Wankhede Stadium,08 May 2022
227,Glenn Maxwell,33,18,183.33,3,2,GT,Brabourne - CCI,30 April 2022
228,Glenn Maxwell,35,22,159.09,3,1,PBKS,Brabourne - CCI,13 May 2022
229,Mitchell Marsh,37,20,185,3,3,LSG,Wankhede Stadium,01 May 2022
230,Mitchell Marsh,25,20,125,3,1,CSK,DY Patil Stadium,08 May 2022
231,Ajinkya Rahane,25,24,104.16,3,0,MI,DY Patil Stadium,09 May 2022
232,Ajinkya Rahane,12,11,109.09,3,0,PBKS,Wankhede Stadium,01 April 2022
233,Ravichandran Ashwin,21,9,233.33,3,1,MI,DY Patil Stadium,30 April 2022
234,Ravindra Jadeja,17,9,188.88,3,0,LSG,Brabourne - CCI,31 March 2022
235,Hardik Pandya,34,30,113.33,3,1,RR,Narendra Modi Stadium,29 May 2022
236,Mayank Agarwal,19,16,118.75,3,0,RCB,Brabourne - CCI,13 May 2022
237,MS Dhoni,28,13,215.38,3,1,MI,DY Patil Stadium,21 April 2022
238,Shubman Gill,18,17,105.88,3,0,CSK,Wankhede Stadium,15 May 2022
239,Shubman Gill,31,28,110.71,3,1,RCB,Brabourne - CCI,30 April 2022
240,Shubman Gill,45,43,104.65,3,1,RR,Narendra Modi Stadium,29 May 2022
241,Mohammed Siraj,14,11,127.27,3,0,CSK,DY Patil Stadium,12 April 2022
242,Kane Williamson,17,16,106.25,3,0,KKR,Brabourne - CCI,15 April 2022
243,David Willey,18,28,64.28,3,0,KKR,DY Patil Stadium,30 March 2022
244,Faf Du Plessis,23,21,109.52,3,1,RR,Maharashtra Cricket Association Stadium,26 April 2022
245,Faf Du Plessis,25,27,92.59,3,0,RR,Narendra Modi Stadium,27 May 2022
246,Faf Du Plessis,88,57,154.38,3,7,PBKS,DY Patil Stadium,27 March 2022
247,Jagadeesan Narayan,39,33,118.18,3,1,GT,Wankhede Stadium,15 May 2022
248,Ruturaj Gaikwad,28,23,121.73,3,1,RCB,Maharashtra Cricket Association Stadium,04 May 2022
249,Ruturaj Gaikwad,17,16,106.25,3,0,RCB,DY Patil Stadium,12 April 2022
250,Ruturaj Gaikwad,16,13,123.07,3,0,SRH,DY Patil Stadium,09 April 2022
251,Sam Billings,34,29,117.24,3,1,SRH,Maharashtra Cricket Association Stadium,14 May 2022
252,David Miller,68,38,178.94,3,5,RR,Eden Gardens,24 May 2022
253,David Miller,32,19,168.42,3,1,RR,Narendra Modi Stadium,29 May 2022
254,Nicholas Pooran,64,33,193.93,3,6,CSK,Maharashtra Cricket Association Stadium,01 May 2022
255,Nicholas Pooran,34,24,141.66,3,2,LSG,DY Patil Stadium,04 April 2022
256,Sarfaraz Khan,36,28,128.57,3,0,LSG,DY Patil Stadium,07 April 2022
257,Andre Russell,49,28,175,3,4,SRH,Maharashtra Cricket Association Stadium,14 May 2022
258,Andre Russell,45,19,236.84,3,5,LSG,Maharashtra Cricket Association Stadium,07 May 2022
259,Andre Russell,24,21,114.28,3,0,DC,Brabourne - CCI,10 April 2022
260,Nitish Rana,57,34,167.64,3,4,DC,Wankhede Stadium,28 April 2022
261,Nitish Rana,48,37,129.72,3,2,RR,Wankhede Stadium,02 May 2022
262,Nitish Rana,43,26,165.38,3,4,MI,DY Patil Stadium,09 May 2022
263,Rinku Singh,23,16,143.75,3,0,DC,Wankhede Stadium,28 April 2022
264,Sunil Narine,22,12,183.33,3,1,LSG,Maharashtra Cricket Association Stadium,07 May 2022
265,Ishan Kishan,26,28,92.85,3,0,RCB,Maharashtra Cricket Association Stadium,09 April 2022
266,Ishan Kishan,48,35,137.14,3,4,DC,Wankhede Stadium,21 May 2022
267,Kieron Pollard,22,24,91.66,3,1,RR,DY Patil Stadium,02 April 2022
268,Quinton De Kock,23,13,176.92,3,1,DC,Wankhede Stadium,01 May 2022
269,Suryakumar Yadav,32,21,152.38,3,1,CSK,DY Patil Stadium,21 April 2022
270,Suryakumar Yadav,37,27,137.03,3,0,LSG,Brabourne - CCI,16 April 2022
271,Jos Buttler,35,28,125,3,3,SRH,Maharashtra Cricket Association Stadium,29 March 2022
272,Jos Buttler,22,25,88,3,0,KKR,Wankhede Stadium,02 May 2022
273,Mahipal Lomror,42,27,155.55,3,2,CSK,Maharashtra Cricket Association Stadium,04 May 2022
274,Riyan Parag,56,31,180.64,3,4,RCB,Maharashtra Cricket Association Stadium,26 April 2022
275,Sanju Samson,38,19,200,3,2,KKR,Brabourne - CCI,18 April 2022
276,Sanju Samson,55,27,203.7,3,5,SRH,Maharashtra Cricket Association Stadium,29 March 2022
277,Devdutt Padikkal,15,15,100,3,0,MI,DY Patil Stadium,30 April 2022
278,Devdutt Padikkal,31,32,96.87,3,0,PBKS,Wankhede Stadium,07 May 2022
279,Devdutt Padikkal,24,18,133.33,3,1,KKR,Brabourne - CCI,18 April 2022
280,Moeen Ali,48,35,137.14,3,2,SRH,DY Patil Stadium,09 April 2022
281,Shimron Hetmyer,35,14,250,3,3,MI,DY Patil Stadium,02 April 2022
282,Shimron Hetmyer,31,16,193.75,3,2,PBKS,Wankhede Stadium,07 May 2022
283,Abhishek Sharma,31,25,124,3,1,PBKS,DY Patil Stadium,17 April 2022
284,Deepak Hooda,27,26,103.84,3,0,GT,Maharashtra Cricket Association Stadium,10 May 2022
285,Deepak Hooda,25,24,104.16,3,0,RR,Wankhede Stadium,10 April 2022
286,Deepak Hooda,51,33,154.54,3,3,SRH,DY Patil Stadium,04 April 2022
287,Wriddhiman Saha,21,17,123.52,3,1,PBKS,DY Patil Stadium,03 May 2022
288,Rovman Powell,35,21,166.66,3,2,LSG,Wankhede Stadium,01 May 2022
289,Rovman Powell,67,35,191.42,3,6,SRH,Brabourne - CCI,05 May 2022
290,Bhanuka Rajapaksa,31,9,344.44,3,3,KKR,Wankhede Stadium,01 April 2022
291,Shahbaz Ahmed,32,21,152.38,3,1,DC,Wankhede Stadium,16 April 2022
292,Lalit Yadav,37,24,154.16,3,2,RR,Wankhede Stadium,22 April 2022
293,Matthew Wade,19,19,100,3,0,SRH,DY Patil Stadium,11 April 2022
294,Matthew Wade,12,6,200,3,0,RR,DY Patil Stadium,14 April 2022
295,Venkatesh Iyer,43,24,179.16,3,4,MI,DY Patil Stadium,09 May 2022
296,Tim David,13,9,144.44,3,0,KKR,DY Patil Stadium,09 May 2022
297,Tim David,46,18,255.55,3,4,SRH,Wankhede Stadium,17 May 2022
298,Abhinav Manohar,15,7,214.28,3,0,LSG,Wankhede Stadium,28 March 2022
299,Ayush Badoni,19,12,158.33,3,0,SRH,DY Patil Stadium,04 April 2022
300,Hrithik Shokeen,25,25,100,3,0,CSK,DY Patil Stadium,21 April 2022
301,Tilak Varma,38,27,140.74,3,2,KKR,Maharashtra Cricket Association Stadium,06 April 2022
302,Tilak Varma,51,43,118.6,3,2,CSK,DY Patil Stadium,21 April 2022
303,Tilak Varma,36,20,180,3,2,PBKS,Maharashtra Cricket Association Stadium,13 April 2022
304,Tilak Varma,61,33,184.84,3,5,RR,DY Patil Stadium,02 April 2022
305,Tilak Varma,22,15,146.66,3,0,DC,Brabourne - CCI,27 March 2022
306,Rishi Dhawan,21,22,95.45,3,1,LSG,Maharashtra Cricket Association Stadium,29 April 2022
307,Jitesh Sharma,19,7,271.42,3,1,SRH,Wankhede Stadium,22 May 2022
308,Jitesh Sharma,44,34,129.41,3,2,DC,DY Patil Stadium,16 May 2022
309,Virat Kohli,20,14,142.85,2,1,PBKS,Brabourne - CCI,13 May 2022
310,Virat Kohli,25,24,104.16,2,0,LSG,Eden Gardens,25 May 2022
311,Virat Kohli,9,10,90,2,0,RR,Maharashtra Cricket Association Stadium,26 April 2022
312,Virat Kohli,12,7,171.42,2,0,KKR,DY Patil Stadium,30 March 2022
313,Rohit Sharma,48,36,133.33,2,4,SRH,Wankhede Stadium,17 May 2022
314,Shikhar Dhawan,12,16,75,2,0,RR,Wankhede Stadium,07 May 2022
315,Shikhar Dhawan,21,15,140,2,1,RCB,Brabourne - CCI,13 May 2022
316,Shikhar Dhawan,39,32,121.87,2,2,SRH,Wankhede Stadium,22 May 2022
317,Shreyas Iyer,13,10,130,2,0,RCB,DY Patil Stadium,30 March 2022
318,Shreyas Iyer,10,6,166.66,2,0,MI,Maharashtra Cricket Association Stadium,06 April 2022
319,Shreyas Iyer,15,9,166.66,2,0,SRH,Maharashtra Cricket Association Stadium,14 May 2022
320,Dinesh Karthik,34,14,242.85,2,3,CSK,DY Patil Stadium,12 April 2022
321,Kuldeep Yadav,10,7,142.85,2,0,RCB,Wankhede Stadium,16 April 2022
322,Krunal Pandya,25,27,92.59,2,0,KKR,Maharashtra Cricket Association Stadium,07 May 2022
323,Krunal Pandya,22,15,146.66,2,0,RR,Wankhede Stadium,10 April 2022
324,Rishabh Pant,27,14,192.85,2,2,KKR,Brabourne - CCI,10 April 2022
325,K L Rahul,40,26,153.84,2,3,CSK,Brabourne - CCI,31 March 2022
326,Umesh Yadav,18,12,150,2,1,RCB,DY Patil Stadium,30 March 2022
327,Marcus Stoinis,24,15,160,2,1,RCB,DY Patil Stadium,19 April 2022
328,Marcus Stoinis,38,17,223.52,2,4,RR,Wankhede Stadium,10 April 2022
329,Glenn Maxwell,26,11,236.36,2,2,CSK,DY Patil Stadium,12 April 2022
330,Glenn Maxwell,8,2,400,2,0,MI,Maharashtra Cricket Association Stadium,09 April 2022
331,Glenn Maxwell,12,11,109.09,2,0,SRH,Brabourne - CCI,23 April 2022
332,Mitchell Marsh,10,7,142.85,2,0,SRH,Brabourne - CCI,05 May 2022
333,Mitchell Marsh,13,7,185.71,2,0,KKR,Wankhede Stadium,28 April 2022
334,Ravichandran Ashwin,40,23,173.91,2,3,CSK,Brabourne - CCI,20 May 2022
335,Ravindra Jadeja,23,15,153.33,2,1,SRH,DY Patil Stadium,09 April 2022
336,Prithvi Shaw,24,23,104.34,2,1,MI,Wankhede Stadium,21 May 2022
337,Hardik Pandya,10,6,166.66,2,0,SRH,Wankhede Stadium,27 April 2022
338,Mayank Agarwal,15,13,115.38,2,0,RR,Wankhede Stadium,07 May 2022
339,Mayank Agarwal,18,21,85.71,2,0,CSK,Wankhede Stadium,25 April 2022
340,Mayank Agarwal,32,24,133.33,2,2,RCB,DY Patil Stadium,27 March 2022
341,Mayank Agarwal,25,17,147.05,2,2,LSG,Maharashtra Cricket Association Stadium,29 April 2022
342,MS Dhoni,16,6,266.66,2,1,LSG,Brabourne - CCI,31 March 2022
343,Ambati Rayudu,13,21,61.9,2,0,PBKS,Brabourne - CCI,03 April 2022
344,Ambati Rayudu,40,35,114.28,2,3,MI,DY Patil Stadium,21 April 2022
345,Ambati Rayudu,27,20,135,2,2,LSG,Brabourne - CCI,31 March 2022
346,Ambati Rayudu,10,14,71.42,2,0,MI,Wankhede Stadium,12 May 2022
347,Shubman Gill,9,6,150,2,0,PBKS,DY Patil Stadium,03 May 2022
348,Shubman Gill,13,14,92.85,2,0,RR,DY Patil Stadium,14 April 2022
349,Kane Williamson,16,17,94.11,2,0,RCB,Brabourne - CCI,23 April 2022
350,Kane Williamson,57,46,123.91,2,4,GT,DY Patil Stadium,11 April 2022
351,Kane Williamson,47,37,127.02,2,2,CSK,Maharashtra Cricket Association Stadium,01 May 2022
352,Kane Williamson,32,40,80,2,1,CSK,DY Patil Stadium,09 April 2022
353,Trent Boult,17,9,188.88,2,0,LSG,Brabourne - CCI,15 May 2022
354,Mitchell Santner,11,9,122.22,2,0,MI,DY Patil Stadium,21 April 2022
355,James Neesham,14,12,116.66,2,0,LSG,Brabourne - CCI,15 May 2022
356,Faf Du Plessis,8,11,72.72,2,0,DC,Wankhede Stadium,16 April 2022
357,Faf Du Plessis,10,8,125,2,0,PBKS,Brabourne - CCI,13 May 2022
358,Sam Billings,36,24,150,2,3,LSG,DY Patil Stadium,18 May 2022
359,Shardul Thakur,24,19,126.31,2,1,CSK,DY Patil Stadium,08 May 2022
360,Axar Patel,38,17,223.52,2,3,MI,Brabourne - CCI,27 March 2022
361,Axar Patel,22,14,157.14,2,1,KKR,Brabourne - CCI,10 April 2022
362,Axar Patel,8,4,200,2,0,GT,Maharashtra Cricket Association Stadium,02 April 2022
363,Axar Patel,24,17,141.17,2,1,KKR,Wankhede Stadium,28 April 2022
364,Axar Patel,17,20,85,2,0,PBKS,DY Patil Stadium,16 May 2022
365,Harshal Patel,10,6,166.66,2,0,KKR,DY Patil Stadium,30 March 2022
366,Harshal Patel,11,7,157.14,2,0,PBKS,Brabourne - CCI,13 May 2022
367,Rahul Tewatia,17,12,141.66,2,0,KKR,DY Patil Stadium,23 April 2022
368,Arshdeep Singh,9,17,52.94,2,0,DC,Brabourne - CCI,20 April 2022
369,David Miller,20,15,133.33,2,0,DC,Maharashtra Cricket Association Stadium,02 April 2022
370,Nicholas Pooran,34,18,188.88,2,2,GT,DY Patil Stadium,11 April 2022
371,Nicholas Pooran,19,14,135.71,2,1,RCB,Wankhede Stadium,08 May 2022
372,Nicholas Pooran,38,22,172.72,2,3,MI,Wankhede Stadium,17 May 2022
373,Nicholas Pooran,62,34,182.35,2,6,DC,Brabourne - CCI,05 May 2022
374,Simran Singh,14,11,127.27,2,0,SRH,DY Patil Stadium,17 April 2022
375,Varun Chakaravarthy,10,16,62.5,2,0,RCB,DY Patil Stadium,30 March 2022
376,Andre Russell,70,31,225.8,2,8,PBKS,Wankhede Stadium,01 April 2022
377,Nitish Rana,21,17,123.52,2,1,CSK,Wankhede Stadium,26 March 2022
378,Rinku Singh,23,19,121.05,2,1,MI,DY Patil Stadium,09 May 2022
379,Rinku Singh,40,15,266.66,2,4,LSG,DY Patil Stadium,18 May 2022
380,Robin Uthappa,30,25,120,2,2,MI,DY Patil Stadium,21 April 2022
381,Robin Uthappa,13,10,130,2,0,PBKS,Brabourne - CCI,03 April 2022
382,Robin Uthappa,28,21,133.33,2,2,KKR,Wankhede Stadium,26 March 2022
383,Evin Lewis,10,9,111.11,2,0,GT,Wankhede Stadium,28 March 2022
384,Ishan Kishan,13,17,76.47,2,0,LSG,Brabourne - CCI,16 April 2022
385,Quinton De Kock,39,32,121.87,2,1,RR,Wankhede Stadium,10 April 2022
386,Rahul Chahar,25,24,104.16,2,1,DC,DY Patil Stadium,16 May 2022
387,Rahul Chahar,22,14,157.14,2,1,GT,Brabourne - CCI,08 April 2022
388,Jaydev Unadkat,14,6,233.33,2,1,LSG,Brabourne - CCI,16 April 2022
389,Liam Livingstone,49,22,222.72,2,5,SRH,Wankhede Stadium,22 May 2022
390,Liam Livingstone,30,10,300,2,3,GT,DY Patil Stadium,03 May 2022
391,Mahipal Lomror,16,8,200,2,1,GT,Brabourne - CCI,30 April 2022
392,Mahipal Lomror,14,9,155.55,2,0,LSG,Eden Gardens,25 May 2022
393,Rahul Tripathi,16,10,160,2,1,GT,Wankhede Stadium,27 April 2022
394,Rahul Tripathi,22,18,122.22,2,1,DC,Brabourne - CCI,05 May 2022
395,Riyan Parag,12,9,133.33,2,0,SRH,Maharashtra Cricket Association Stadium,29 March 2022
396,Sanju Samson,13,12,108.33,2,0,LSG,Wankhede Stadium,10 April 2022
397,Sanju Samson,15,20,75,2,0,CSK,Brabourne - CCI,20 May 2022
398,Sanju Samson,14,11,127.27,2,0,GT,Narendra Modi Stadium,29 May 2022
399,Shashank Singh,10,6,166.66,2,0,DC,Brabourne - CCI,05 May 2022
400,Shreyas Gopal,9,7,128.57,2,0,DC,Brabourne - CCI,05 May 2022
401,Devdutt Padikkal,37,29,127.58,2,2,RCB,Wankhede Stadium,05 April 2022
402,Devdutt Padikkal,28,20,140,2,2,GT,Eden Gardens,24 May 2022
403,Moeen Ali,9,4,225,2,0,DC,DY Patil Stadium,08 May 2022
404,Moeen Ali,34,27,125.92,2,2,RCB,Maharashtra Cricket Association Stadium,04 May 2022
405,Shimron Hetmyer,11,12,91.66,2,0,GT,Narendra Modi Stadium,29 May 2022
406,Shimron Hetmyer,26,13,200,2,2,KKR,Brabourne - CCI,18 April 2022
407,Shimron Hetmyer,29,17,170.58,2,1,GT,DY Patil Stadium,14 April 2022
408,Shimron Hetmyer,32,13,246.15,2,3,SRH,Maharashtra Cricket Association Stadium,29 March 2022
409,Shivam Dube,32,19,168.42,2,2,DC,DY Patil Stadium,08 May 2022
410,Shivam Dube,19,17,111.76,2,0,GT,Maharashtra Cricket Association Stadium,17 April 2022
411,Abhishek Sharma,13,11,118.18,2,0,LSG,DY Patil Stadium,04 April 2022
412,Jonny Bairstow,8,8,100,2,0,GT,Brabourne - CCI,08 April 2022
413,Jonny Bairstow,12,10,120,2,0,SRH,DY Patil Stadium,17 April 2022
414,Jonny Bairstow,9,8,112.5,2,0,DC,Brabourne - CCI,20 April 2022
415,Rashid Khan,40,21,190.47,2,3,CSK,Maharashtra Cricket Association Stadium,17 April 2022
416,Wriddhiman Saha,25,25,100,2,1,KKR,DY Patil Stadium,23 April 2022
417,Jason Holder,8,14,57.14,2,0,RR,Wankhede Stadium,10 April 2022
418,Aiden Markram,21,17,123.52,2,0,PBKS,Wankhede Stadium,22 May 2022
419,Aiden Markram,56,40,140,2,3,GT,Wankhede Stadium,27 April 2022
420,Dwaine Pretorius,22,14,157.14,2,1,MI,DY Patil Stadium,21 April 2022
421,Rovman Powell,20,12,166.66,2,1,GT,Maharashtra Cricket Association Stadium,02 April 2022
422,Srikar Bharat,8,5,160,2,0,CSK,DY Patil Stadium,08 May 2022
423,Romario Shepherd,26,15,173.33,2,2,PBKS,Wankhede Stadium,22 May 2022
424,Bhanuka Rajapaksa,43,22,195.45,2,4,RCB,DY Patil Stadium,27 March 2022
425,Bhanuka Rajapaksa,27,18,150,2,2,RR,Wankhede Stadium,07 May 2022
426,Bhanuka Rajapaksa,42,32,131.25,2,2,CSK,Wankhede Stadium,25 April 2022
427,Wanindu Hasaranga,18,13,138.46,2,0,RR,Maharashtra Cricket Association Stadium,26 April 2022
428,Yashasvi Jaiswal,20,16,125,2,1,SRH,Maharashtra Cricket Association Stadium,29 March 2022
429,Anuj Rawat,66,47,140.42,2,6,MI,Maharashtra Cricket Association Stadium,09 April 2022
430,Anuj Rawat,21,20,105,2,1,PBKS,DY Patil Stadium,27 March 2022
431,Lalit Yadav,25,22,113.63,2,1,GT,Maharashtra Cricket Association Stadium,02 April 2022
432,Matthew Wade,20,15,133.33,2,0,CSK,Wankhede Stadium,15 May 2022
433,Matthew Wade,16,13,123.07,2,1,RCB,Wankhede Stadium,19 May 2022
434,Matthew Wade,10,7,142.85,2,0,LSG,Maharashtra Cricket Association Stadium,10 May 2022
435,Venkatesh Iyer,16,16,100,2,0,CSK,Wankhede Stadium,26 March 2022
436,Venkatesh Iyer,17,17,100,2,0,GT,DY Patil Stadium,23 April 2022
437,Shahrukh Khan,19,10,190,2,1,SRH,Wankhede Stadium,22 May 2022
438,Dushmantha Chameera,13,7,185.71,2,0,RR,Wankhede Stadium,10 April 2022
439,Tim David,34,11,309.09,2,4,DC,Wankhede Stadium,21 May 2022
440,Tim David,44,21,209.52,2,4,GT,Brabourne - CCI,06 May 2022
441,Tim David,20,9,222.22,2,1,RR,DY Patil Stadium,30 April 2022
442,Dewald Brevis,29,19,152.63,2,2,KKR,Maharashtra Cricket Association Stadium,06 April 2022
443,Abhinav Manohar,12,12,100,2,0,CSK,Maharashtra Cricket Association Stadium,17 April 2022
444,Sai Sudharsan,20,14,142.85,2,0,RCB,Brabourne - CCI,30 April 2022
445,Sai Sudharsan,11,9,122.22,2,0,SRH,DY Patil Stadium,11 April 2022
446,B Indrajith,15,16,93.75,2,0,RR,Wankhede Stadium,02 May 2022
447,Ayush Badoni,13,13,100,2,0,RCB,DY Patil Stadium,19 April 2022
448,Ramandeep Singh,13,6,216.66,2,0,DC,Wankhede Stadium,21 May 2022
449,Hrithik Shokeen,18,23,78.26,2,0,CSK,Wankhede Stadium,12 May 2022
450,Tilak Varma,26,26,100,2,0,LSG,Brabourne - CCI,16 April 2022
451,Tilak Varma,21,16,131.25,2,0,GT,Brabourne - CCI,06 May 2022
452,Tilak Varma,38,27,140.74,2,2,LSG,Wankhede Stadium,24 April 2022
453,Jitesh Sharma,30,15,200,2,2,MI,Maharashtra Cricket Association Stadium,13 April 2022
454,Jitesh Sharma,9,5,180,2,0,RCB,Brabourne - CCI,13 May 2022
455,Jitesh Sharma,11,8,137.5,2,0,SRH,DY Patil Stadium,17 April 2022
456,Virat Kohli,12,14,85.71,1,0,DC,Wankhede Stadium,16 April 2022
457,Virat Kohli,41,29,141.37,1,2,PBKS,DY Patil Stadium,27 March 2022
458,Aaron Finch,14,14,100,1,0,LSG,Maharashtra Cricket Association Stadium,07 May 2022
459,Rohit Sharma,6,7,85.71,1,0,LSG,Brabourne - CCI,16 April 2022
460,Shikhar Dhawan,8,11,72.72,1,0,SRH,DY Patil Stadium,17 April 2022
461,Shikhar Dhawan,16,15,106.66,1,1,KKR,Wankhede Stadium,01 April 2022
462,Shikhar Dhawan,9,10,90,1,0,DC,Brabourne - CCI,20 April 2022
463,Shreyas Iyer,20,19,105.26,1,0,CSK,Wankhede Stadium,26 March 2022
464,Shreyas Iyer,6,8,75,1,0,MI,DY Patil Stadium,09 May 2022
465,Shreyas Iyer,12,15,80,1,1,GT,DY Patil Stadium,23 April 2022
466,Shreyas Iyer,6,9,66.66,1,0,LSG,Maharashtra Cricket Association Stadium,07 May 2022
467,Dinesh Karthik,11,11,100,1,0,PBKS,Brabourne - CCI,13 May 2022
468,Dinesh Karthik,14,7,200,1,1,KKR,DY Patil Stadium,30 March 2022
469,Dinesh Karthik,30,8,375,1,4,SRH,Wankhede Stadium,08 May 2022
470,Dinesh Karthik,26,17,152.94,1,2,CSK,Maharashtra Cricket Association Stadium,04 May 2022
471,Dinesh Karthik,6,4,150,1,0,RR,Maharashtra Cricket Association Stadium,26 April 2022
472,Kuldeep Yadav,16,8,200,1,1,LSG,Wankhede Stadium,01 May 2022
473,Bhuvneshwar Kumar,5,3,166.66,1,0,DC,Brabourne - CCI,05 May 2022
474,Bhuvneshwar Kumar,6,7,85.71,1,0,KKR,Maharashtra Cricket Association Stadium,14 May 2022
475,Bhuvneshwar Kumar,8,9,88.88,1,0,RCB,Wankhede Stadium,08 May 2022
476,Manish Pandey,6,8,75,1,0,RCB,DY Patil Stadium,19 April 2022
477,Manish Pandey,6,5,120,1,0,GT,Wankhede Stadium,28 March 2022
478,Manish Pandey,11,10,110,1,1,SRH,DY Patil Stadium,04 April 2022
479,Krunal Pandya,7,7,100,1,0,PBKS,Maharashtra Cricket Association Stadium,29 April 2022
480,Krunal Pandya,25,23,108.69,1,1,RR,Brabourne - CCI,15 May 2022
481,Krunal Pandya,6,3,200,1,0,SRH,DY Patil Stadium,04 April 2022
482,Krunal Pandya,5,5,100,1,0,GT,Maharashtra Cricket Association Stadium,10 May 2022
483,Rishabh Pant,26,16,162.5,1,3,SRH,Brabourne - CCI,05 May 2022
484,K L Rahul,8,16,50,1,0,GT,Maharashtra Cricket Association Stadium,10 May 2022
485,K L Rahul,24,25,96,1,1,DC,DY Patil Stadium,07 April 2022
486,K L Rahul,6,11,54.54,1,0,PBKS,Maharashtra Cricket Association Stadium,29 April 2022
487,Washington Sundar,18,14,128.57,1,0,LSG,DY Patil Stadium,04 April 2022
488,Umesh Yadav,21,9,233.33,1,2,RR,Brabourne - CCI,18 April 2022
489,Umesh Yadav,15,15,100,1,1,GT,DY Patil Stadium,23 April 2022
490,Marcus Stoinis,27,17,158.82,1,2,RR,Brabourne - CCI,15 May 2022
491,Marcus Stoinis,28,14,200,1,3,KKR,Maharashtra Cricket Association Stadium,07 May 2022
492,Marcus Stoinis,17,16,106.25,1,1,DC,Wankhede Stadium,01 May 2022
493,Glenn Maxwell,24,13,184.61,1,2,RR,Narendra Modi Stadium,27 May 2022
494,Pat Cummins,4,3,133.33,1,0,DC,Brabourne - CCI,10 April 2022
495,Josh Hazlewood,7,4,175,1,0,PBKS,Brabourne - CCI,13 May 2022
496,Ajinkya Rahane,8,14,57.14,1,0,DC,Brabourne - CCI,10 April 2022
497,Ajinkya Rahane,9,10,90,1,0,RCB,DY Patil Stadium,30 March 2022
498,Ravichandran Ashwin,10,7,142.85,1,0,LSG,Brabourne - CCI,15 May 2022
499,Ravindra Jadeja,21,16,131.25,1,1,PBKS,Wankhede Stadium,25 April 2022
500,Prithvi Shaw,5,7,71.42,1,0,LSG,Wankhede Stadium,01 May 2022
501,Prithvi Shaw,10,7,142.85,1,0,GT,Maharashtra Cricket Association Stadium,02 April 2022
502,Prithvi Shaw,16,13,123.07,1,1,RCB,Wankhede Stadium,16 April 2022
503,Hardik Pandya,7,6,116.66,1,0,CSK,Wankhede Stadium,15 May 2022
504,Mayank Agarwal,4,2,200,1,0,CSK,Brabourne - CCI,03 April 2022
505,Mayank Agarwal,5,9,55.55,1,0,GT,Brabourne - CCI,08 April 2022
506,MS Dhoni,8,7,114.28,1,0,SRH,Maharashtra Cricket Association Stadium,01 May 2022
507,MS Dhoni,21,8,262.5,1,2,DC,DY Patil Stadium,08 May 2022
508,MS Dhoni,26,28,92.85,1,1,RR,Brabourne - CCI,20 May 2022
509,MS Dhoni,23,28,82.14,1,1,PBKS,Brabourne - CCI,03 April 2022
510,MS Dhoni,12,8,150,1,1,PBKS,Wankhede Stadium,25 April 2022
511,Ambati Rayudu,5,6,83.33,1,0,DC,DY Patil Stadium,08 May 2022
512,Ambati Rayudu,15,17,88.23,1,1,KKR,Wankhede Stadium,26 March 2022
513,Vijay Shankar,13,20,65,1,0,DC,Maharashtra Cricket Association Stadium,02 April 2022
514,Shubman Gill,7,9,77.77,1,0,SRH,DY Patil Stadium,11 April 2022
515,Shubman Gill,7,5,140,1,0,KKR,DY Patil Stadium,23 April 2022
516,Shubman Gill,22,24,91.66,1,1,SRH,Wankhede Stadium,27 April 2022
517,Mohammed Siraj,5,5,100,1,0,RR,Maharashtra Cricket Association Stadium,26 April 2022
518,Mohammed Siraj,9,13,69.23,1,0,PBKS,Brabourne - CCI,13 May 2022
519,Kane Williamson,8,7,114.28,1,0,MI,Wankhede Stadium,17 May 2022
520,Kane Williamson,4,11,36.36,1,0,DC,Brabourne - CCI,05 May 2022
521,Kane Williamson,9,17,52.94,1,0,KKR,Maharashtra Cricket Association Stadium,14 May 2022
522,Kane Williamson,5,8,62.5,1,0,GT,Wankhede Stadium,27 April 2022
523,Kane Williamson,16,16,100,1,1,LSG,DY Patil Stadium,04 April 2022
524,Lockie Ferguson,5,3,166.66,1,0,PBKS,DY Patil Stadium,03 May 2022
525,Mitchell Santner,9,15,60,1,0,PBKS,Wankhede Stadium,25 April 2022
526,James Neesham,17,15,113.33,1,0,GT,DY Patil Stadium,14 April 2022
527,Daryl Mitchell,17,20,85,1,0,MI,DY Patil Stadium,30 April 2022
528,Dwayne Bravo,8,5,160,1,0,SRH,DY Patil Stadium,09 April 2022
529,Faf Du Plessis,5,7,71.42,1,0,SRH,Brabourne - CCI,23 April 2022
530,Faf Du Plessis,5,4,125,1,0,KKR,DY Patil Stadium,30 March 2022
531,Faf Du Plessis,16,24,66.66,1,0,MI,Maharashtra Cricket Association Stadium,09 April 2022
532,Ruturaj Gaikwad,7,6,116.66,1,0,MI,Wankhede Stadium,12 May 2022
533,Sam Billings,24,23,104.34,1,1,PBKS,Wankhede Stadium,01 April 2022
534,Sam Billings,4,4,100,1,0,GT,DY Patil Stadium,23 April 2022
535,Sam Billings,25,22,113.63,1,1,CSK,Wankhede Stadium,26 March 2022
536,Sam Billings,15,9,166.66,1,1,DC,Brabourne - CCI,10 April 2022
537,Shardul Thakur,29,11,263.63,1,3,KKR,Brabourne - CCI,10 April 2022
538,Axar Patel,10,7,142.85,1,0,RCB,Wankhede Stadium,16 April 2022
539,Axar Patel,42,24,175,1,3,LSG,Wankhede Stadium,01 May 2022
540,Kagiso Rabada,12,12,100,1,0,CSK,Brabourne - CCI,03 April 2022
541,Rahul Tewatia,14,8,175,1,1,DC,Maharashtra Cricket Association Stadium,02 April 2022
542,Rahul Tewatia,6,4,150,1,0,SRH,DY Patil Stadium,11 April 2022
543,Sherfane Rutherford,28,40,70,1,1,KKR,DY Patil Stadium,30 March 2022
544,Arshdeep Singh,10,5,200,1,0,GT,Brabourne - CCI,08 April 2022
545,David Miller,27,20,135,1,2,KKR,DY Patil Stadium,23 April 2022
546,David Miller,19,14,135.71,1,1,MI,Brabourne - CCI,06 May 2022
547,David Miller,6,4,150,1,0,PBKS,Brabourne - CCI,08 April 2022
548,David Miller,17,19,89.47,1,0,SRH,Wankhede Stadium,27 April 2022
549,David Miller,26,24,108.33,1,1,LSG,Maharashtra Cricket Association Stadium,10 May 2022
550,David Miller,30,21,142.85,1,2,LSG,Wankhede Stadium,28 March 2022
551,David Miller,15,20,75,1,0,CSK,Wankhede Stadium,15 May 2022
552,Harpreet Brar,14,18,77.77,1,1,KKR,Wankhede Stadium,01 April 2022
553,Karun Nair,13,13,100,1,0,KKR,Wankhede Stadium,02 May 2022
554,Murugan Ashwin,6,8,75,1,0,RR,DY Patil Stadium,02 April 2022
555,Nicholas Pooran,5,2,250,1,0,CSK,DY Patil Stadium,09 April 2022
556,Nicholas Pooran,35,30,116.66,1,1,PBKS,DY Patil Stadium,17 April 2022
557,Sarfaraz Khan,12,13,92.3,1,0,PBKS,Brabourne - CCI,20 April 2022
558,Andre Russell,48,25,192,1,6,GT,DY Patil Stadium,23 April 2022
559,Andre Russell,11,5,220,1,1,MI,Maharashtra Cricket Association Stadium,06 April 2022
560,Andre Russell,25,18,138.88,1,3,RCB,DY Patil Stadium,30 March 2022
561,Nitish Rana,10,5,200,1,1,RCB,DY Patil Stadium,30 March 2022
562,Nitish Rana,26,16,162.5,1,3,SRH,Maharashtra Cricket Association Stadium,14 May 2022
563,Nitish Rana,18,11,163.63,1,1,RR,Brabourne - CCI,18 April 2022
564,Robin Uthappa,15,11,136.36,1,0,SRH,DY Patil Stadium,09 April 2022
565,Sunil Narine,4,2,200,1,0,DC,Brabourne - CCI,10 April 2022
566,Sunil Narine,5,5,100,1,0,GT,DY Patil Stadium,23 April 2022
567,Sunil Narine,12,8,150,1,1,RCB,DY Patil Stadium,30 March 2022
568,Anmolpreet Singh,5,4,125,1,0,RR,DY Patil Stadium,02 April 2022
569,Ishan Kishan,6,5,120,1,0,CSK,Wankhede Stadium,12 May 2022
570,Ishan Kishan,14,21,66.66,1,0,KKR,Maharashtra Cricket Association Stadium,06 April 2022
571,Kieron Pollard,25,14,178.57,1,2,LSG,Brabourne - CCI,16 April 2022
572,Kieron Pollard,14,9,155.55,1,1,CSK,DY Patil Stadium,21 April 2022
573,Kieron Pollard,10,11,90.9,1,0,PBKS,Maharashtra Cricket Association Stadium,13 April 2022
574,Quinton De Kock,7,8,87.5,1,0,RR,Brabourne - CCI,15 May 2022
575,Quinton De Kock,7,9,77.77,1,0,GT,Wankhede Stadium,28 March 2022
576,Rahul Chahar,4,4,100,1,0,LSG,Maharashtra Cricket Association Stadium,29 April 2022
577,Rahul Chahar,12,8,150,1,1,CSK,Brabourne - CCI,03 April 2022
578,Rahul Chahar,12,12,100,1,1,DC,Brabourne - CCI,20 April 2022
579,Rasikh Salam,7,6,116.66,1,0,DC,Brabourne - CCI,10 April 2022
580,Suryakumar Yadav,7,7,100,1,0,LSG,Wankhede Stadium,24 April 2022
581,Suryakumar Yadav,43,30,143.33,1,4,PBKS,Maharashtra Cricket Association Stadium,13 April 2022
582,Jaydev Unadkat,13,14,92.85,1,0,RCB,Maharashtra Cricket Association Stadium,09 April 2022
583,Jaydev Unadkat,19,9,211.11,1,1,CSK,DY Patil Stadium,21 April 2022
584,Jos Buttler,13,11,118.18,1,1,LSG,Wankhede Stadium,10 April 2022
585,Jos Buttler,7,11,63.63,1,0,DC,DY Patil Stadium,11 May 2022
586,Jos Buttler,8,9,88.88,1,0,RCB,Maharashtra Cricket Association Stadium,26 April 2022
587,Liam Livingstone,19,16,118.75,1,1,KKR,Wankhede Stadium,01 April 2022
588,Liam Livingstone,22,14,157.14,1,2,RR,Wankhede Stadium,07 May 2022
589,Liam Livingstone,19,7,271.42,1,2,CSK,Wankhede Stadium,25 April 2022
590,Manan Vohra,19,11,172.72,1,2,RCB,Eden Gardens,25 May 2022
591,Rahul Tripathi,20,18,111.11,1,1,PBKS,Wankhede Stadium,22 May 2022
592,Rahul Tripathi,17,11,154.54,1,1,GT,DY Patil Stadium,11 April 2022
593,Rahul Tripathi,9,12,75,1,0,KKR,Maharashtra Cricket Association Stadium,14 May 2022
594,Riyan Parag,15,15,100,1,0,GT,Narendra Modi Stadium,29 May 2022
595,Riyan Parag,18,16,112.5,1,1,GT,DY Patil Stadium,14 April 2022
596,Riyan Parag,5,3,166.66,1,0,KKR,Brabourne - CCI,18 April 2022
597,Riyan Parag,10,10,100,1,0,CSK,Brabourne - CCI,20 May 2022
598,Riyan Parag,19,12,158.33,1,2,KKR,Wankhede Stadium,02 May 2022
599,Riyan Parag,5,4,125,1,0,MI,DY Patil Stadium,02 April 2022
600,Sanju Samson,6,4,150,1,0,DC,DY Patil Stadium,11 May 2022
601,Sanju Samson,27,21,128.57,1,3,RCB,Maharashtra Cricket Association Stadium,26 April 2022
602,Sanju Samson,30,21,142.85,1,3,MI,DY Patil Stadium,02 April 2022
603,Sanju Samson,23,21,109.52,1,2,RCB,Narendra Modi Stadium,27 May 2022
604,Shashank Singh,15,14,107.14,1,0,CSK,Maharashtra Cricket Association Stadium,01 May 2022
605,Shashank Singh,11,12,91.66,1,0,KKR,Maharashtra Cricket Association Stadium,14 May 2022
606,Shashank Singh,25,6,416.66,1,3,GT,Wankhede Stadium,27 April 2022
607,Devdutt Padikkal,7,7,100,1,0,MI,DY Patil Stadium,02 April 2022
608,Shimron Hetmyer,27,13,207.69,1,2,KKR,Wankhede Stadium,02 May 2022
609,Shimron Hetmyer,59,36,163.88,1,6,LSG,Wankhede Stadium,10 April 2022
610,Shimron Hetmyer,6,7,85.71,1,0,CSK,Brabourne - CCI,20 May 2022
611,Shivam Dube,10,9,111.11,1,0,MI,Wankhede Stadium,12 May 2022
612,Shivam Dube,8,7,114.28,1,0,PBKS,Wankhede Stadium,25 April 2022
613,Abhishek Sharma,9,19,47.36,1,0,RR,Maharashtra Cricket Association Stadium,29 March 2022
614,Abhishek Sharma,9,10,90,1,0,MI,Wankhede Stadium,17 May 2022
615,Abhishek Sharma,7,6,116.66,1,0,DC,Brabourne - CCI,05 May 2022
616,David Warner,5,6,83.33,1,0,MI,Wankhede Stadium,21 May 2022
617,David Warner,19,12,158.33,1,2,CSK,DY Patil Stadium,08 May 2022
618,Deepak Hooda,13,14,92.85,1,0,RCB,DY Patil Stadium,19 April 2022
619,Deepak Hooda,34,28,121.42,1,2,PBKS,Maharashtra Cricket Association Stadium,29 April 2022
620,Deepak Hooda,10,9,111.11,1,0,MI,Wankhede Stadium,24 April 2022
621,Deepak Hooda,15,8,187.5,1,1,MI,Brabourne - CCI,16 April 2022
622,Deepak Hooda,13,8,162.5,1,1,CSK,Brabourne - CCI,31 March 2022
623,Deepak Hooda,45,26,173.07,1,4,RCB,Eden Gardens,25 May 2022
624,Jonny Bairstow,12,13,92.3,1,0,MI,Maharashtra Cricket Association Stadium,13 April 2022
625,Jonny Bairstow,6,3,200,1,0,CSK,Wankhede Stadium,25 April 2022
626,Rashid Khan,19,6,316.66,1,2,RCB,Wankhede Stadium,19 May 2022
627,Wriddhiman Saha,5,7,71.42,1,0,RR,Narendra Modi Stadium,29 May 2022
628,Wriddhiman Saha,5,11,45.45,1,0,LSG,Maharashtra Cricket Association Stadium,10 May 2022
629,Fabian Allen,8,7,114.28,1,0,LSG,Brabourne - CCI,16 April 2022
630,Aiden Markram,12,8,150,1,0,GT,DY Patil Stadium,11 April 2022
631,Aiden Markram,21,27,77.77,1,1,RCB,Wankhede Stadium,08 May 2022
632,Dwaine Pretorius,13,8,162.5,1,1,RCB,Maharashtra Cricket Association Stadium,04 May 2022
633,Rassie van der Dussen,4,4,100,1,0,LSG,Wankhede Stadium,10 April 2022
634,Rassie van der Dussen,12,10,120,1,0,DC,DY Patil Stadium,11 May 2022
635,Rovman Powell,43,34,126.47,1,4,MI,Wankhede Stadium,21 May 2022
636,Rovman Powell,33,16,206.25,1,3,KKR,Wankhede Stadium,28 April 2022
637,Bhanuka Rajapaksa,9,7,128.57,1,0,LSG,Maharashtra Cricket Association Stadium,29 April 2022
638,Bhanuka Rajapaksa,4,5,80,1,0,DC,DY Patil Stadium,16 May 2022
639,Wanindu Hasaranga,4,3,133.33,1,0,KKR,DY Patil Stadium,30 March 2022
640,Wanindu Hasaranga,8,19,42.1,1,0,SRH,Brabourne - CCI,23 April 2022
641,Shahbaz Ahmed,7,12,58.33,1,0,SRH,Brabourne - CCI,23 April 2022
642,Shahbaz Ahmed,26,22,118.18,1,0,LSG,DY Patil Stadium,19 April 2022
643,Shahbaz Ahmed,12,8,150,1,1,RR,Narendra Modi Stadium,27 May 2022
644,Yashasvi Jaiswal,22,16,137.5,1,2,GT,Narendra Modi Stadium,29 May 2022
645,Yashasvi Jaiswal,19,19,100,1,1,DC,DY Patil Stadium,11 May 2022
646,Yashasvi Jaiswal,21,13,161.53,1,2,RCB,Narendra Modi Stadium,27 May 2022
647,Anuj Rawat,12,16,75,1,0,CSK,DY Patil Stadium,12 April 2022
648,Anuj Rawat,4,5,80,1,0,LSG,DY Patil Stadium,19 April 2022
649,Kartik Tyagi,7,5,140,1,0,DC,Brabourne - CCI,05 May 2022
650,Lalit Yadav,24,21,114.28,1,1,PBKS,DY Patil Stadium,16 May 2022
651,Lalit Yadav,22,29,75.86,1,1,KKR,Wankhede Stadium,28 April 2022
652,Mohsin Khan,9,7,128.57,1,0,RR,Brabourne - CCI,15 May 2022
653,Mohsin Khan,13,6,216.66,1,1,PBKS,Maharashtra Cricket Association Stadium,29 April 2022
654,Daniel Sams,5,3,166.66,1,0,CSK,DY Patil Stadium,21 April 2022
655,Matthew Wade,6,7,85.71,1,0,PBKS,Brabourne - CCI,08 April 2022
656,Venkatesh Iyer,6,13,46.15,1,0,SRH,Brabourne - CCI,15 April 2022
657,Venkatesh Iyer,10,14,71.42,1,0,RCB,DY Patil Stadium,30 March 2022
658,Venkatesh Iyer,18,8,225,1,2,DC,Brabourne - CCI,10 April 2022
659,Venkatesh Iyer,7,6,116.66,1,0,SRH,Maharashtra Cricket Association Stadium,14 May 2022
660,Shahrukh Khan,26,28,92.85,1,2,SRH,DY Patil Stadium,17 April 2022
661,Shahrukh Khan,24,20,120,1,2,RCB,DY Patil Stadium,27 March 2022
662,Rajat Patidar,26,21,123.8,1,2,PBKS,Brabourne - CCI,13 May 2022
663,Rajat Patidar,21,15,140,1,1,CSK,Maharashtra Cricket Association Stadium,04 May 2022
664,Suyash S Prabhudessai,15,20,75,1,0,SRH,Brabourne - CCI,23 April 2022
665,Suyash S Prabhudessai,6,5,120,1,0,DC,Wankhede Stadium,16 April 2022
666,Devon Conway,16,14,114.28,1,1,RR,Brabourne - CCI,20 May 2022
667,Dushmantha Chameera,11,4,275,1,1,RCB,Eden Gardens,25 May 2022
668,Rajangad Bawa,11,13,84.61,1,0,KKR,Wankhede Stadium,01 April 2022
669,Dewald Brevis,8,11,72.72,1,0,RCB,Maharashtra Cricket Association Stadium,09 April 2022
670,Dewald Brevis,37,33,112.12,1,3,DC,Wankhede Stadium,21 May 2022
671,Odean Smith,25,8,312.5,1,3,RCB,DY Patil Stadium,27 March 2022
672,Mukesh Choudhary,4,4,100,1,0,MI,Wankhede Stadium,12 May 2022
673,Sai Sudharsan,14,11,127.27,1,1,MI,Brabourne - CCI,06 May 2022
674,Aman Khan,5,3,166.66,1,0,SRH,Brabourne - CCI,15 April 2022
675,Abhijeet Tomar,4,8,50,1,0,LSG,DY Patil Stadium,18 May 2022
676,Ayush Badoni,10,3,333.33,1,1,DC,DY Patil Stadium,07 April 2022
677,Ayush Badoni,8,11,72.72,1,0,GT,Maharashtra Cricket Association Stadium,10 May 2022
678,Karan Sharma,4,4,100,1,0,GT,Maharashtra Cricket Association Stadium,10 May 2022
679,Ramandeep Singh,14,6,233.33,1,1,SRH,Wankhede Stadium,17 May 2022
680,Tilak Varma,21,17,123.52,1,1,DC,Wankhede Stadium,21 May 2022
681,Tilak Varma,35,30,116.66,1,2,RR,DY Patil Stadium,30 April 2022
682,Tilak Varma,8,9,88.88,1,0,SRH,Wankhede Stadium,17 May 2022
683,Tilak Varma,6,5,120,1,0,KKR,DY Patil Stadium,09 May 2022
684,Rishi Dhawan,5,2,250,1,0,RR,Wankhede Stadium,07 May 2022
685,Prerak Mankad,4,1,400,1,0,SRH,Wankhede Stadium,22 May 2022
686,Jitesh Sharma,23,11,209.09,1,2,GT,Brabourne - CCI,08 April 2022