POS,Player,Ov,Runs,Wkts,SR,Against,Venue,Match Date
1,Albie Morkel,4,56,2,12,RR,Chidambaram,03 April 2010
2,Pankaj Singh,4,54,0,0,MI,M. Chinnaswamy Stadium,17 April 2010
3,Shaun Tait,4,53,1,24,DC,Arun Jaitley Stadium,31 March 2010
4,Muttiah Muralitharan,4,52,1,24,RR,Chidambaram,03 April 2010
5,Shanthakumaran Sreesanth,4,51,0,0,DEC,Barabati Stadium,19 March 2010
6,RP Singh,4,51,1,24,PBKS,HPCA Stadium,16 April 2010
7,Rajagopal Sathish,3,51,1,18,RR,Brabourne Stadium,13 March 2010
8,MF Maharoof,4,50,2,12,MI,Arun Jaitley Stadium,17 March 2010
9,Shalabh Srivastava,4,49,1,24,RR,IS Bindra Stadium,24 March 2010
10,Lakshmipathy Balaji,4,49,1,24,RCB,M. Chinnaswamy Stadium,23 March 2010
11,Sumit Narwal,3,49,0,0,CSK,Narendra Modi Stadium,28 March 2010
12,Brett Lee,4,48,0,0,RCB,IS Bindra Stadium,02 April 2010
13,Kemar Roach,4,48,0,0,KKR,Eden Gardens,01 April 2010
14,Albie Morkel,4,48,1,24,PBKS,HPCA Stadium,18 April 2010
15,Lakshmipathy Balaji,4,47,1,24,MI,Brabourne Stadium,25 March 2010
16,Muttiah Muralitharan,4,47,1,24,KKR,Chidambaram,13 April 2010
17,Shane Watson,4,47,2,12,CSK,Chidambaram,03 April 2010
18,Ishant Sharma,4,46,0,0,RCB,M. Chinnaswamy Stadium,10 April 2010
19,Pradeep Sangwan,4,46,0,0,CSK,Arun Jaitley Stadium,19 March 2010
20,Ali Murtaza,4,46,1,24,RR,Brabourne Stadium,13 March 2010
21,Shaun Tait,4,46,1,24,MI,Brabourne Stadium,13 March 2010
22,Albie Morkel,4,46,2,12,RR,Narendra Modi Stadium,28 March 2010
23,Sudeep Tyagi,4,45,0,0,RR,Chidambaram,03 April 2010
24,Zaheer Khan,4,45,0,0,CSK,Brabourne Stadium,25 March 2010
25,Irfan Pathan,4,45,0,0,RR,IS Bindra Stadium,24 March 2010
26,Praveen Kumar,4,45,0,0,DC,M. Chinnaswamy Stadium,25 March 2010
27,Jacques Kallis,4,45,1,24,PBKS,IS Bindra Stadium,02 April 2010
28,Kieron Pollard,4,45,1,24,CSK,DY Patil Stadium,25 April 2010
29,Shaun Tait,4,44,0,0,CSK,Chidambaram,03 April 2010
30,Yusuf Pathan,4,44,0,0,CSK,Chidambaram,03 April 2010
31,Ajantha Mendis,4,44,0,0,RCB,M. Chinnaswamy Stadium,10 April 2010
32,Amit Mishra,4,44,1,24,MI,Arun Jaitley Stadium,17 March 2010
33,Sarabjit Ladda,4,44,2,12,MI,Arun Jaitley Stadium,17 March 2010
34,Shadab Jakati,4,44,2,12,DEC,DY Patil Stadium,22 April 2010
35,Harbhajan Singh,4,44,2,12,RCB,DY Patil Stadium,21 April 2010
36,Ishant Sharma,4,44,2,12,MI,Brabourne Stadium,22 March 2010
37,Irfan Pathan,3.4,44,0,0,CSK,HPCA Stadium,18 April 2010
38,Ryan McLaren,4,43,0,0,RR,Brabourne Stadium,13 March 2010
39,Joginder Sharma,4,43,1,24,DC,Arun Jaitley Stadium,19 March 2010
40,Juan Theron,4,43,1,24,CSK,HPCA Stadium,18 April 2010
41,Praveen Kumar,4,43,1,24,PBKS,M. Chinnaswamy Stadium,16 March 2010
42,RP Singh,4,43,1,24,PBKS,Barabati Stadium,19 March 2010
43,Munaf Patel,4,43,1,24,PBKS,IS Bindra Stadium,24 March 2010
44,Dale Steyn,4,43,2,12,MI,DY Patil Stadium,21 April 2010
45,Angelo Mathews,3,43,0,0,DC,Eden Gardens,07 April 2010
46,Ravi Bopara,3,43,1,18,KKR,Eden Gardens,04 April 2010
47,Dwayne Bravo,4,42,0,0,CSK,Brabourne Stadium,25 March 2010
48,Andrew McDonald,4,42,1,24,MI,Brabourne Stadium,13 April 2010
49,Dale Steyn,4,42,1,24,DC,M. Chinnaswamy Stadium,25 March 2010
50,Rahul Sharma,4,42,2,12,DC,Barabati Stadium,21 March 2010
51,Aditya Dole,4,42,2,12,DEC,Vidarbha Cricket Association Stadium,05 April 2010
52,Irfan Pathan,4,42,2,12,KKR,IS Bindra Stadium,27 March 2010
53,Andrew McDonald,4,42,2,12,RCB,M. Chinnaswamy Stadium,25 March 2010
54,Praveen Kumar,3,42,0,0,CSK,Chidambaram,31 March 2010
55,Shane Warne,3,42,0,0,PBKS,Sawai Mansingh Stadium,07 April 2010
56,Shanthakumaran Sreesanth,3,42,0,0,RCB,M. Chinnaswamy Stadium,16 March 2010
57,Albie Morkel,4,41,0,0,DEC,Chidambaram,14 March 2010
58,Amit Mishra,4,41,0,0,KKR,Eden Gardens,07 April 2010
59,Lasith Malinga,4,41,0,0,CSK,Brabourne Stadium,25 March 2010
60,Murali Kartik,4,41,1,24,PBKS,Eden Gardens,04 April 2010
61,Pradeep Sangwan,4,41,1,24,MI,Arun Jaitley Stadium,17 March 2010
62,Amit Uniyal,4,41,2,12,MI,Brabourne Stadium,13 March 2010
63,Harmeet Singh Bansal,4,41,2,12,DC,Arun Jaitley Stadium,18 April 2010
64,Jacques Kallis,4,41,2,12,MI,M. Chinnaswamy Stadium,17 April 2010
65,Sumit Narwal,2,41,0,0,CSK,Chidambaram,03 April 2010
66,Andrew Symonds,4,40,0,0,MI,DY Patil Stadium,28 March 2010
67,Albie Morkel,4,40,0,0,RCB,Chidambaram,31 March 2010
68,Anil Kumble,4,40,0,0,PBKS,M. Chinnaswamy Stadium,16 March 2010
69,Jacques Kallis,4,40,0,0,DEC,Vidarbha Cricket Association Stadium,12 April 2010
70,Ravichandran Ashwin,4,40,0,0,RCB,M. Chinnaswamy Stadium,23 March 2010
71,Daniel Vettori,4,40,1,24,RCB,Arun Jaitley Stadium,04 April 2010
72,Dhawal Kulkarni,4,40,1,24,RR,Sawai Mansingh Stadium,11 April 2010
73,Ravichandran Ashwin,4,40,1,24,DC,Arun Jaitley Stadium,19 March 2010
74,Ryan Harris,4,40,1,24,MI,Brabourne Stadium,03 April 2010
75,Vinay Kumar,4,40,4,6,CSK,M. Chinnaswamy Stadium,23 March 2010
76,Shanthakumaran Sreesanth,3,40,0,0,RR,Sawai Mansingh Stadium,07 April 2010
77,Shane Watson,3,40,0,0,DEC,Vidarbha Cricket Association Stadium,05 April 2010
78,Pragyan Ojha,3,40,1,18,RR,Narendra Modi Stadium,26 March 2010
79,Doug Bollinger,4,39,0,0,PBKS,HPCA Stadium,18 April 2010
80,Brett Lee,4,39,0,0,KKR,IS Bindra Stadium,27 March 2010
81,Doug Bollinger,4,39,1,24,MI,Chidambaram,06 April 2010
82,Jacques Kallis,4,39,1,24,PBKS,M. Chinnaswamy Stadium,16 March 2010
83,Shane Warne,4,39,1,24,PBKS,IS Bindra Stadium,24 March 2010
84,Shalabh Srivastava,4,39,1,24,DEC,Barabati Stadium,19 March 2010
85,Dirk Nannes,4,39,1,24,DEC,Barabati Stadium,21 March 2010
86,Vinay Kumar,3.2,39,1,20,DEC,M. Chinnaswamy Stadium,08 April 2010
87,Manpreet Gony,3,39,0,0,RCB,Chidambaram,31 March 2010
88,Abhimanyu Mithun,3,39,1,18,DC,Arun Jaitley Stadium,04 April 2010
89,Sudeep Tyagi,1.5,39,0,0,DEC,Chidambaram,14 March 2010
90,Dale Steyn,4,38,0,0,DEC,M. Chinnaswamy Stadium,08 April 2010
91,Brett Lee,4,38,0,0,MI,IS Bindra Stadium,09 April 2010
92,Ryan McLaren,4,38,0,0,KKR,Brabourne Stadium,22 March 2010
93,RP Singh,4,38,0,0,RCB,M. Chinnaswamy Stadium,08 April 2010
94,Dale Steyn,4,38,0,0,KKR,Eden Gardens,14 March 2010
95,Anil Kumble,4,38,1,24,MI,M. Chinnaswamy Stadium,17 April 2010
96,Ishant Sharma,4,38,1,24,CSK,Eden Gardens,16 March 2010
97,Anil Kumble,4,38,1,24,DEC,M. Chinnaswamy Stadium,08 April 2010
98,Umesh Yadav,4,38,1,24,CSK,Arun Jaitley Stadium,19 March 2010
99,Chris Gayle,4,38,1,24,DC,Arun Jaitley Stadium,29 March 2010
100,Pragyan Ojha,4,38,2,12,KKR,Eden Gardens,01 April 2010
101,Praveen Kumar,4,37,0,0,PBKS,IS Bindra Stadium,02 April 2010
102,Mitchell Marsh,4,37,1,24,RCB,M. Chinnaswamy Stadium,08 April 2010
103,Praveen Kumar,4,37,1,24,DEC,M. Chinnaswamy Stadium,08 April 2010
104,Praveen Kumar,4,37,1,24,MI,Brabourne Stadium,20 March 2010
105,Sarabjit Ladda,4,37,1,24,RR,Arun Jaitley Stadium,31 March 2010
106,Laxmi Ratan Shukla,4,37,1,24,CSK,Eden Gardens,16 March 2010
107,MF Maharoof,4,37,2,12,PBKS,IS Bindra Stadium,13 March 2010
108,Ryan Harris,4,37,2,12,RCB,M. Chinnaswamy Stadium,08 April 2010
109,Andrew McDonald,4,37,2,12,KKR,Arun Jaitley Stadium,29 March 2010
110,Shane Watson,4,37,3,8,MI,Sawai Mansingh Stadium,11 April 2010
111,Shadab Jakati,3,37,0,0,RR,Chidambaram,03 April 2010
112,Praveen Kumar,3,37,0,0,KKR,M. Chinnaswamy Stadium,10 April 2010
113,Bipul Sharma,3,37,1,18,RCB,M. Chinnaswamy Stadium,16 March 2010
114,Pragyan Ojha,3,37,1,18,RR,Vidarbha Cricket Association Stadium,05 April 2010
115,Umesh Yadav,4,36,0,0,DEC,Barabati Stadium,21 March 2010
116,Lasith Malinga,4,36,0,0,CSK,Chidambaram,06 April 2010
117,Dwayne Bravo,4,36,0,0,KKR,Brabourne Stadium,22 March 2010
118,Shalabh Srivastava,4,36,0,0,DEC,HPCA Stadium,16 April 2010
119,Jacques Kallis,4,36,0,0,DC,M. Chinnaswamy Stadium,25 March 2010
120,Lakshmipathy Balaji,4,36,0,0,DEC,Chidambaram,14 March 2010
121,Juan Theron,4,36,1,24,KKR,Eden Gardens,04 April 2010
122,Ajit Agarkar,4,36,1,24,DC,Eden Gardens,07 April 2010
123,Dale Steyn,4,36,1,24,PBKS,M. Chinnaswamy Stadium,16 March 2010
124,Irfan Pathan,4,36,1,24,KKR,Eden Gardens,04 April 2010
125,Pragyan Ojha,4,36,1,24,DC,Barabati Stadium,21 March 2010
126,Vinay Kumar,4,36,1,24,RR,Sawai Mansingh Stadium,14 April 2010
127,Lasith Malinga,4,36,2,12,PBKS,IS Bindra Stadium,09 April 2010
128,Aditya Dole,4,36,2,12,PBKS,Sawai Mansingh Stadium,07 April 2010
129,Sumit Narwal,4,36,3,8,DC,Arun Jaitley Stadium,31 March 2010
130,Zaheer Khan,3.2,36,0,0,PBKS,IS Bindra Stadium,09 April 2010
131,Irfan Pathan,3.1,36,1,19,RCB,IS Bindra Stadium,02 April 2010
132,Yusuf Abdulla,2.5,36,0,0,RCB,M. Chinnaswamy Stadium,16 March 2010
133,Dirk Nannes,4,35,0,0,MI,Arun Jaitley Stadium,17 March 2010
134,Vinay Kumar,4,35,0,0,DC,Arun Jaitley Stadium,04 April 2010
135,Siddharth Trivedi,4,35,0,0,DC,Arun Jaitley Stadium,31 March 2010
136,RP Singh,4,35,1,24,KKR,DY Patil Stadium,12 March 2010
137,Piyush Chawla,4,35,1,24,KKR,IS Bindra Stadium,27 March 2010
138,Harbhajan Singh,4,35,1,24,RCB,Brabourne Stadium,20 March 2010
139,Moises Henriques,4,35,1,24,DEC,Barabati Stadium,21 March 2010
140,Jacques Kallis,4,35,1,24,MI,Brabourne Stadium,20 March 2010
141,Jaskaran Singh,4,35,1,24,KKR,DY Patil Stadium,12 March 2010
142,Siddharth Trivedi,4,35,1,24,MI,Sawai Mansingh Stadium,11 April 2010
143,Pradeep Sangwan,4,35,2,12,MI,Brabourne Stadium,13 April 2010
144,Sumit Narwal,4,35,2,12,DEC,Narendra Modi Stadium,26 March 2010
145,Dwayne Bravo,3.1,35,0,0,RCB,Brabourne Stadium,20 March 2010
146,Siddharth Trivedi,3,35,0,0,DEC,Narendra Modi Stadium,26 March 2010
147,Shalabh Srivastava,3,35,0,0,KKR,Eden Gardens,04 April 2010
148,Ajit Agarkar,3,35,0,0,PBKS,Eden Gardens,04 April 2010
149,Irfan Pathan,3,35,1,18,DEC,HPCA Stadium,16 April 2010
150,Chris Gayle,3,35,1,18,CSK,Chidambaram,13 April 2010